"id","city","name","geo_hash","latitude","longitude"
"0Hf4wGsoECK4QOPIr0KoR0rlYIjP6mQT","christchurch","Gull Wigram","rb68nq","-43.5607501","172.5494664"
"0jLi4XXzpIWAQCSkUPfdk1YR3b36iph0","hamilton","Waitomo Hamilton Central","rck9h6n","-37.781449","175.27377"
"0qIGnFVZCxiYSnuClVJhOTd0Hq0bGaDw","hamilton","BP Connect Ngaruawahia","rck99wj","-37.6712574944","175.151676339"
"0wo6lMw0t3x2tbsQWvYH3f2BLqdzmTS7","auckland","Mobil Lincoln Road","rcknmg","-36.851824672","174.630947587"
"0zv0Ywh3LzX8lf2oe1GywmMwg03Iz4Bu","hamilton","Gull Norton Road","rck9h1g","-37.783007","175.25849"
"11oX4W3LIJximdZbs1RczYjvXhLzqlaa","auckland","Gull St Heliers","rckq68n","-36.869926195918","174.84567506471"
"1mZknzMN7GUkt2K2nb4A7i2I3bjrMeaf","hamilton","Z Dinsdale","rck8gz","-37.7947800871","175.247369263"
"1nX6p7xqUuMrLvA4ny3ZJON8IMEbslHb","christchurch","NPD Hornby","rb68jy","-43.557517732545","172.52400822937"
"1uSOLvtDpamGBuxBMiTLn1aIZUZ0ewp4","auckland","BP Connect Papakura","rckmhb","-37.0885272066","174.939328877"
"1uY5GTFC6EVZztJ1r0ZRWW6KtKuQvJ1t","hamilton","Waitomo Te Awamutu","rchxv88","-38.0087981","175.3207928"
"26pIByk8Si4Q321jxb23bGuF6LQnWPae","christchurch","BP Connect Fendalton","rb68rm","-43.5184037466","172.589995825"
"277hVvxbPwlfmCGiK3hkXNUF5KikNWEg","christchurch","Pak 'n Save Moorhouse","rb6b29b","-43.5395158","172.6392568"
"2i3XJtbqZ78LyYsNSlE05enZxxbgI3or","auckland","Gull Rosebank East","rcknnxq","-36.874195","174.670091"
"2iBbfKMb64HwpzZC0DUGHByjJ7t32tDW","wellington","Z Seaview","rbsmkj","-41.2365052771","174.906018868"
"2tn8JF64cMzG1gcrdMezsLwgYoVBczAa","auckland","Mobil Glen Innes","rckq4yj","-36.8803248403","174.855296932"
"30sRIn8w4CsoUGsfaZKcFBwMzJKBQg7e","hamilton","Challenge Killarney","rck8up","-37.7951055","175.2639369"
"360LSct55EaFJqNiywQ7ikik0cs1AEEB","christchurch","BP 2go Halswell","rb68ng","-43.572002188","172.571006619"
"3KzHKt3txvMlgZefaekWkxPdj6H7M6ct","auckland","Mobil Oteha Service Station","rckppez","-36.716742702928","174.71486924216"
"3MJ3zMFi3rRmqr4X6h7HdzIfxVhB72fc","wellington","Z Hutt Rd","rbsme9","-41.2141953987","174.887668013"
"3TtnRtfd1SAK1gd5ymm1RByCbnBKO3GG","auckland","BP 2go Target Road","rcknzg","-36.7617962087","174.724758197"
"3fXKeU4jWJmVgdshSe2P6giSeF6drtJb","hamilton","Challenge Naylor Street Auto","rck8vp","-37.7972784245","175.30774876"
"3kJ3uOjlC5gRQZHGYYCJIRpumBaTe0jy","auckland","Waitomo Te Hihi","rckkf","-37.114007","174.833992"
"3vW5JIODBbJiBw8T2UL3kIhXr2mPxzxY","auckland","Gull Papakura","rckmhww",,
"3yN1SqU4lnrAu5gvRidskWJx1QhLMkrF","auckland","Z Beach Rd","rckq35","-36.8497097","174.7749625"
"48Lgk0W8GO08o1ZakLoRO3udaOY0DqqP","auckland","BP Connect Takanini","rckmk3","-37.038953","174.913543"
"4R45FPfnGIK6cCfN1etNbbu8GQANd35z","wellington","BP 2go Brooklyn","rbsm0b","-41.3066999579","174.762993547"
"4V0CrDaZolfZtjRqPQ7jciVqVkc81O7P","auckland","Mobil Grove Road Service Station","rckmjju","-37.0580818055","174.953100478"
"4iMGeMJyaBNkn4StpJTt4XyktHJQZyFL","auckland","GAS 628 Great South Road","rckmfb","-36.9548253723","174.849200327"
"4qUwywqT2vGuzo1AOk6qRWJp73VRdao2","auckland","Mobil Otahuhu","rckmfd","-36.9456520175","174.845795059"
"52viIXmtg4gwMQtRUiTndNk3ZxSK3zsO","auckland","GAS Mascot Avenue","rckm9t","-36.9707176456","174.801722375"
"5BfAU8vjVS067Lnsxd4EnxjAgHqs514a","christchurch","NPD Diamond Harbour","rb4zf","-43.6289514","172.7245096"
"5GoP0g6831PfGlvjPx3GpxopaeX3WZZr","christchurch","Allied Cust","rb69d","-43.31132","172.379184"
"5HgplMWVVtZ3g67CeYeT1CvzeQQwMiki","hamilton","GAS Avalon Drive","rck95f","-37.7772374","175.2470067"
"5IlIdu0BL1BItFIc0Q5ZeljVuqBeMmz4","wellington","BP 2go Taita","rbsmtr","-41.1790144114","174.961437506"
"5VHA7lJWds2NFVLuBlSfEy7ytM7VCO32","christchurch","Waitomo Fitzgerald","rb6b2dx","-43.535571","172.650088"
"5WVQMs1iozTjCea7MRStVPmszw7sdbzP","hamilton","Mobil Waharoa","rckcp","-37.7614732507","175.7531343"
"5fVucKrwh0JGjRyCAUhszAhSi64sH3iG",,,,"-36.6604387","174.6670417"
"5vGqlCbLvBHIjH7MVReqgGNwaLLvzP6M","auckland","BP Connect Birkenhead","rcknxd","-36.8107794796","174.712464469"
"5xIQbtMswCpv0WcgHpoM7FddLgTHliD0","auckland","Gull Marua Road","rckq47","-36.893727","174.8356762"
"6GdrX7ftjzKn6VCk0g3T4eQV2ehZ1nTs","auckland","Mobil Constellation Drive","rckqbj","-36.7495790985","174.729176518"
"6LgIH1meDegIeVXqG0YN5Xipa0ie0SYl","auckland","BP Connect Massey Road","rckmdrs","-36.96038","174.832154"
"6k5otRIWlLb7KmCnVtAE0RROu03oThAh","auckland","Gull Mt Roskill","rcknpf","-36.90198","174.72355"
"6p5GGyUptlKvWYPfBRaant0VdBUEaQft","auckland","BP Henderson","rcknjg","-36.893526","174.628887"
"6qb2LtHJKGbbiXGjhh3wwReqqlYrA1XQ",,,,"-36.995209493776","174.85203552653"
"7GxZj3rf4yoJl5LnEOJ8vDP5mbstJWrG","auckland","BP 2go Jervois Road","rckq2k7","-36.8458845","174.7422171"
"7S1CGvOFWQZqVEO3wmbloC7fDH3r2OSb","christchurch","Caltex Bishopdale Service Station","rb68x7","-43.4877891587","172.587700155"
"7aZuaOJmn4CpnP5SVKE3R1PQI2OKu4vA","christchurch","Wainoni Pak n Save","rb6b3wz","-43.5121792","172.6927622"
"7h5KGH30loo5gGWGSmxEGmQgqcbu8uru","auckland","Z Sunnybrae","rckq8qp","-36.7923009","174.7472447"
"7li3riar2dt4hZtRU0DlpM7CUYsHa6ZM","auckland","BP Connect Newmarket","rckq30","-36.867157","174.774944"
"7mGfQvhQyd6tRoWtTyVlNwdANonKH8F2","auckland","Mobil Fuel Stop","rckmf7","-36.9379053286","174.834806083"
"7qhUQ5kVkpy7b0FjpCejNGv5YLdQwZpn","wellington","Challenge Moonshine","rbsqp1","-41.124614","175.03935"
"7vJWQnMsUrFhfVNpkBffv63NsM48r2I7","auckland","BP Connect Clifton","rckq9m","-36.7979736539","174.783776005"
"7xPcBKYOriXVbBpKFVtNKxNiKShJ4V00","christchurch","RD Petroleum Oamaru","rb68m1y","-43.539582748301","172.49392496771"
"86BPfIIN2OIPGwGDWcUESa5vcQeffoX4","christchurch","Mobil Creyke Road","rb68rj","-43.51934495293","172.57964160293"
"8BwdvIIQ03xCWELAZgEtzmnJRLMigSaD","auckland","GAS Mangere Bridge","rckmc7","-36.9394592464","174.786480445"
"8K4okGWGHGADDlN7U3VbcvyvMUUEjoMm","auckland","BP 2go Epsom","rckq15","-36.8971097","174.7734316"
"8NaSQZWnAwiaKo5ZffWuK3MCLSYH85o6","wellington","Pak 'n Save Porirua","rbsq483","-41.130475","174.838002"
"8NlRZvdHv2JZwH0KffHVdl0UBWbz40N7","christchurch","Tasman Fuels Pages Rd","rb6b3v3","-43.520309751583","172.69662059865"
"8Nw808rND1BxWSYBeFLZBf8KzL3qGpE3","auckland","GAS Atkinson Avenue","rckmfes","-36.9378313529","174.842752562"
"8PKubqZ1UNJpc1SpQqzEqj61qdX78Rei","auckland","Challenge Milford, North Shore Auckland","rckqbc","-36.7731705048","174.767408288"
"8R0pwIKmJHMdBkAvGCOeQ27C3JBVMJpU","auckland","Mobil Clendon","rckm74","-37.0321284084","174.868895295"
"8UipzrNSWCcOlb0ycrCS6rUtxTsEPdci","christchurch","Mobil Aranui","rb6b3vv","-43.5176691302","172.701533669"
"8fH8DhaH1nufbqWxuECrcHDSvUcvxBn3","hamilton","Waitomo Cambridge","rckb2vn","-37.896431951022","175.47095002752"
"8lwGK3XNu4URmA2PtikmiM5S6M61rQkA","auckland","Mobil Karangahape Road","rckq29g","-36.85928","174.753"
"8sBXILfzFdAqKqKakPBxawUa5k8RdPEP","auckland","GAS Glen Innes","rckq4yw","-36.878054","174.85659"
"A04SN8DhaEixGpBjWqO3a1wKNwuWyo1x","christchurch","Allied Prebbleton","rb68j9","-43.583189","172.510294"
"A5aeoOQz0E2K1zXTrrdGfPTmcFxhVcKp","auckland","Caltex Newton","rckq29q",,
"A7FZT1LQ7cv3Op7jeWbXVWrFAAE4FruZ","hamilton","New World Te Rapa","rck95xm","-37.752621","175.239849"
"AJSl5wQLYhfm3sm2qSgIAipbrvMBxyW5","hamilton","Pak 'n Save Mill Street","rck9h6m","-37.7797229","175.27273"
"ANeOhAqBYL6VdE7IdfTTQOwJG0Z2hYLy","christchurch","Gull Woolston","rb6b30","-43.545261","172.671631"
"AXi6MzQcZJd3YziVjSLBRz28Rpx52B18","christchurch","Z Bishopdale","rb68x6","-43.4900917928","172.592869779"
"AfUQFPC16ykJnFN3cs7Fr1v5EGQjVeJK","christchurch","BP Connect Marshlands","rb6b8v","-43.4747141","172.6596624"
"AnSI5g4eIwmZJiRYGGwTYG53moqcgAXZ","wellington","BP Connect Johnsonville","rbsm3z4","-41.2254238357","174.807191061"
"As5SgbdZfn8CLmzqhyXrK3XiWKXUF2vn","wellington","Z Vivian St","rbsm14d","-41.2945329211","174.774104773"
"AsvF0csoWXcoUxNKRv3SUyaRpd74B7yI","auckland","Z Te Atatu","rcknq7","-36.8520274539","174.650969286"
"AtuXUpP1KpVZztkCbAXsOQGRf8ABqMyK","auckland","Z Highbrook","rckmg7","-36.937723","174.872706"
"Axxr8pIgLfPRIQZFnfbDSNGCnyIcaflH","auckland","Z Henderson Valley","rcknjs","-36.8917228","174.6232365"
"BACTv3dKPIeSUwXHVTF4XhDo2LMupveJ","auckland","Mobil Clearview","rckq68r","-36.8683367745","174.846739689"
"BBIZyCrwUzAsI3emI2PYMfnjwIGwzpQR","hamilton","Mobil Cambridge","rckb2vu","-37.8918794911","175.469383111"
"BUnuz7YXEdkAReg0tIc3WKRrwgYMtP2A","wellington","Caltex Stokes Valley S/Stn","rbsmv","-41.1614034973","174.981929208"
"Bey7TseXIdgEnXFVi3kCXVYAwVYtPRcz","auckland","BP Connect Pakuranga","rckq5f5","-36.902035","174.896662"
"Bi8OLFMemi1l6KQnIJQGuqaloKEbu0k7","auckland","Caltex Springs Road","rckmgc","-36.95171","174.89178"
"Bms1RSeEHbWLVoSOzUt3fZg3YntSNMiy","hamilton","g.a.s. Tahuna","rckf9","-37.500674","175.493024"
"BsNssq0DnrjdAQnMAEwjOxikgoXP4dtL","auckland","Gull Greville Road","rckppcqt","-36.730421362","174.724723497"
"BvMfmIzeIv2dOOX6KQlIiceQgSnPRISw","christchurch","Z Waikuku","rb6c9w",,
"C3zdmD2bLW2eYnkzMGqdL1VMtxe4Zf82","auckland","Pak 'n Save Fuel Albany","rckppd","-36.72724","174.7053"
"CFJG08FpDA8SryBJnMsdaVa8uik7x6Gk","auckland","Gull Sel Peacock Drive","rcknjz","-36.874949555","174.630068386"
"CSQkiHujPrZvmVpujmtAylXyXP0DTcKE","christchurch","BP Connect Rolleston","rb6848d","-43.590818","172.379093"
"CkCrIaYy47CEHVG0ejbSV5Ak3RcuQtDs","auckland","Gull Porchester Road","rckmk8",,
"CrpcvpJ8U6fP4xUYafmzwnIxN0G6ptZE","wellington","BP Connect Porirua","rbsmfx5","-41.1376958274","174.840997861"
"Crrg2YpR30uXVwJzqcCHco3NzEK41fs8","hamilton","Z Cambridge","rckb2y54","-37.8914174","175.4669798"
"CwwmpXDbzmQ1zvWGctGdlUEA6NdQOY1K","christchurch","BP Connect Edgeware","rb6b2q","-43.5131744246","172.637806647"
"CxDYGY3G3SI46bk1gA2C4RPyCww7vrm2","auckland","Caltex Sylvia Park","rckq48","-36.914061024573","174.83911511438"
"D3PUSgiq63PNPCGuB1g86u3wRTN35meS","auckland","Z Sylvia Park","rckmfw","-36.9247446199","174.841879314"
"DFXULw2BjEey6gnEtCzU3TG10M3DEjD1","christchurch","Pak 'n Save Rangiora","rb69x8f","-43.3250671","172.5990295"
"DWO7TNCsKYXzYt4xmCGWHiBgnrmVTY5i","christchurch","NPD Harewood","rb68xp","-43.463045","172.583217"
"Dc5pW2qxjj2gNqGy1ElKYPO3Dq02Gdop","auckland","Gull Torbay","rckr0x",,
"DcLknBi2Huhox8e5mFFEPZj6poF1zJyU","auckland","Gull Glen Eden","rcknn2c",,
"De1g8bbneQvAWbzaAimWB3X1Gt2BPvzx","auckland","Challenge Massey, Auckland","rcknmnx","-36.8343597555","174.60455574"
"Dg18idNFzwWpCR57zfQD3NcL8DapmA2h","christchurch","Z Carlton Corner","rb6b2j","-43.5205828","172.6274551"
"DzD11XXZ1DJAgI48bjHxYhYJ33hL12n5","wellington","Mobil Karori","rbsm0k","-41.2847682229","174.738156025"
"E46v0vPFrqVZfnAACFcVCjq2BRqF6LPc","christchurch","RD Waterloo","rb68m1w","-43.54104","172.4946"
"EFayp7AAVUavzyPhtGg4d0jCssMsSoGc","auckland","Waitomo Wiri","rckm7jc","-37.014295938102","174.860408732"
"EKxLlqeV16tzzGZzmJBR5F2dpYagRnMP","auckland","Z Royal Oak","rckq10","-36.9111842","174.7736225"
"Eb3c8dSEwtWytrif4jdYDprl0NHzLl4B",,,,"-43.5849648","172.3923906"
"EcDbnPYcvIfIldGJKrOJnvmw1rgn1AtF","auckland","Gull Takapuna","rckq8xp","-36.786719","174.758178"
"EhInRMk11J4N4E58HXT4aFRNd2Ueuuna","wellington","BP Connect Wainuiomata","rbsmkb","-41.2624773263","174.946144235"
"F3YZZ3eEJ2qduDonkKOvSY8fJWRlISnp","auckland","Gull Albany Highway","rcknzk","-36.7560435354","174.702421388"
"F5c40ows0pApAY320TmpD40V7ZaoIzEZ","christchurch","GAS Ohoka","rb69r","-43.363565264","172.577008344"
"F6T4GPMzC6t4cjjQARKVz3L75q7GlRHJ","hamilton","Gull Tramway","rck9jh","-37.768876","175.300583"
"FIGhXDa2XuNMUww3Rw8lUxq1fygDO5J3","christchurch","Challenge Waimak","rb6c09","-43.410147","172.648992"
"FUWhKgvs3rlob608vqhsS8WIXdPpU1Cd","auckland","Caltex Penrose","rckq1c","-36.903448800601","174.80845476479"
"FVU4KnVu1a3NjyJszWGvQB8nhYJYMJTe","wellington","Mobil Paremata","rbsq5h","-41.1061480433","174.86866993"
"FXJbve2jR82azf6JwdJPlblgP3qNfGQO","auckland","Caltex Otara","rckmep","-36.963046626787","174.8692467995"
"FZUV6HdGDg0EuXTGMdbNEweEgJ227A4m","wellington","Caltex Porirua","rbsmfxg","-41.1332778868","174.841832618"
"FfSlvWE0GtCrEm1RZqbAFEbbFN4FrHRL","auckland","Caltex Leabank","rckm7e","-37.027849423088","174.88683478758"
"FlqkDRFOj3Kn5lra5TDSCDUOj1xmoyig","auckland","Gull Whenuapai","rckntm","-36.793282007594","174.61536811689"
"FwHkhyYKxsJeWFfd8pnU6h5uBhX5JhjT","auckland","Gull Murphys Road","rckms6","-36.985711681485","174.91920662977"
"FyPCapx7X7HcqT6ro3kBT8jkb41vgjhs","auckland","BP 2go Meadowbank","rckq4q","-36.876567269","174.825646706"
"G2bClVVZ8nSW8R7AlJy3HQ1M5ELaT3Es","hamilton","Mobil Otorohanga Mitsubishi","rchwg",,
"GCRPVM4k0PhSg6a3W4Tn5DcAMXMtJQK7","auckland","Mobil St Lukes","rckq0j","-36.8823195352","174.731068494"
"GDrz7VrUAkHm5xiuWWvP13XDp5jPc16T","wellington","BP Connect Melling","rbsms4y","-41.204466711507","174.91150919348"
"GNox5HVMUiKWzcd4QRtkMYdDRLpYFWH5","auckland","Caltex Constellation Drive","rckqbnq","-36.7467875693","174.735439351"
"GOBBheTv1rYUqbjCgptblMA010tUmKp0","wellington","Pak 'n Save Petone","rbsm7r6","-41.22357684901","174.87308165921"
"GPWxnR636PkPKzVTVVqhkCl4badEWH06","auckland","Z Massey North","rcknt2f","-36.8209473483","174.60877467"
"Ga0z18wQVrInJIbsKpj6enNhUBP83fV8","wellington","Z Trentham","rbsmyz","-41.1369546962","175.032486898"
"GbFZD4d8rRBjb13NA32PS4DZV2chu6zH","wellington","Mobil Bohanna Motors","rbsrrwj","-40.8795843049","175.063891061"
"Gfq2TqzFMO4HkWUsnZ84diSWmH5mmopb","auckland","Z Greville Rd","rckppcqr","-36.7301531","174.7242969"
"Ggg7EoLXaV1N4WLFvsg6kvsqJROzpWZv","auckland","Gull Onehunga","rckmcty","-36.925841","174.800772"
"GkVbdNRZSlbxSCGSCSY8qVN1GclW2Kvv","auckland","g.a.s. Brick Street","rcknm2y","-36.8654177","174.6152423"
"Gl4kchE5JR4bOLRkmBTrbtkOt4UBX3Bn","auckland","BP 2go Motor Centre","rckq8m","-36.793321","174.746741"
"GsWM2WUvngwoKIoJlJdovpkOlREtwDyB","hamilton","Waitomo Frankton","rck8uj","-37.804937","175.259006"
"GtE2SQfs2d5gj1bfnzACdm1MfDySTZkN",,,,"-43.542885","172.566914"
"GzOHrn1CgfrTEa1oGGWIvENCMPAWMHEC",,,,"-37.0883","174.94024"
"HG6NLheFx4OYbPZqqUn3fL6lCS2V7BnY","christchurch","Caltex Riccarton Self serve","rb68re","-43.5290142","172.6046792"
"HJuoNzaLjLk8uxdK571fe8G3kf0oUNj5","auckland","Z Avondale","rcknp5","-36.8956209054","174.688601681"
"HNDmELRrf70ssUZMTVYZNj3ZU7hnQzHy","auckland","Mobil Greenlane","rckq1t","-36.8858162495","174.802843779"
"Hk8XLret0DRnHbSRZIHfVkeNYoQEb2kh","hamilton","BP Connect Frankton","rck9h0s","-37.7890943629","175.259592488"
"I7ITt3JGDWIrIaZoshfOQluytjz5ROkJ","auckland","Z Northcote","rckq86b","-36.8099905","174.7377997"
"IA3bK7OotnaKjZVansapqxjA8g6ZLSxk","auckland","BP 2go New Lynn","rcknp1","-36.9052385","174.6867929"
"IKz3fRgWuIXKuqM5zypiZATb3v3gFFqC","hamilton","Caltex Chartwell","rck9hx","-37.751794819445","175.27852303411"
"IWR7l4cLwJKKVKgUaKNwDozSZNHNIWKe","christchurch","Challenge Port Hills","rb6b1m","-43.5636023309","172.677331242"
"IiekTKig6HnYKwyTjzaVlBbT3QyjdGHo","auckland","BP Connect Waterview","rcknpq","-36.8768895","174.7038231"
"ItKugUgPxPEacsBAB4allMx8JMQppqU7","auckland","BP 2go Opaheke","rckmhgj","-37.0726123602","174.942848203"
"Iv1kpk5HMsjcBIV2eAqfHEdofp4JCu2v","christchurch","Z Linwood","rb6b35","-43.5327501236","172.671703036"
"J6ZMsaKhZRQNpgZMANnp6BXTmbleHUsD","auckland","GAS Great South Rd","rckq40","-36.910852609091","174.81764629483"
"JCxSapx32KYPeT70rghAT6eqyodlgq4E","auckland","BP Connect Junction","rcknp0v","-36.9099239","174.6898297"
"JD31bHSLn1D06n8elbqVdNQZvBiYbMGM","auckland","BP 2go Ellerslie","rckq1f","-36.899393","174.812967"
"JFxsphAF0U8eyhSWuxyHLKw2b0gsOrUX","auckland","BP 2go Landscape","rckq0d","-36.8989881","174.756671"
"JJdu74kr33vRzKKDjDpFJSPtBVVTBpoI","hamilton","Z Morrinsville","rckcf0q","-37.6587979","175.5265379"
"JKRbNj0sWRzf21tGGLrjezjt6q1NfDR4","auckland","BP Connect Smales Farm","rckq8xm","-36.785848","174.756359"
"JRFjWX0sLkzcKxexrQ60U7yxVd7Yk8rS","christchurch","Waitomo New Brighton","rb6b6x","-43.506177","172.728042"
"JXPiaNnruwQcOGI4U3BdvmxMzCYikmQk","christchurch","NPD Ashley Street","rb69xt","-43.3009213","172.5958946"
"JZgUwEkKBAIFo1OG7Iof2Ebh7oNDjmP7","wellington","Pak 'n Save Hutt City","rbsms4z","-41.205244","174.913292"
"Jf3w5bx4QFO65sFAFcNQeJiBBwrpcFLC","auckland","Caltex Cavendish Drive","rckmed","-36.9871497586","174.881633289"
"JyiI6deAlVsgAWGfSHopq5kXrDMj0H1J","auckland","Z Ponsonby","rckq26","-36.8586185","174.747433"
"K3bJRz1A07zIKQl4qbLVkeEWMDqNzITm","auckland","Caltex Blockhouse Bay","rckjzq","-36.9225339536","174.701444655"
"K75GjGwuMUlaMy06LfZcfiknvjyUC07t","wellington","Mobil Johnsonville","rbsm3zf",,
"K8R6HXOE1wl44YgfIuwgUZQZ3hbhDjvU","auckland","Mobil Papakura","rckmhgt","-37.069722","174.943132"
"KA5PSV5Y8zQOtbvEBgDvzMrqWbVXZ2qZ","wellington","Z Mungavin Ave","rbsmfz","-41.1382580113","174.847754013"
"KFNBfu6eQBXFfpk7LTI7mDb7UkQGeuZ5","hamilton","Caltex Dinsdale","rck8gx","-37.7973733145","175.236179503"
"KMuomq0yW4YBpHowXoAK4TczhyF4Jvx2","christchurch","NPD Stanmore Road","rb6b2u","-43.522693","172.656802"
"KN5O5PWHrgShL4pSrZkUhn1H8ntxJn5Q","auckland","GAS Maraetai","rckqn","-36.88022171","175.03384217"
"KPLbvUwz5ZnjOlE7AG22wMVMRNGFY83u","auckland","Mobil Mt Eden","rckq0v","-36.8838176722","174.761321367"
"KQiuD8BzIRaNwUaH1KN1vv1EY6nV3PBx","wellington","Z Rimutaka","rbsw0k","-41.108825407521","175.09743556685"
"KaIfMUqGAZHQ7m3VmaPG12Q1A4p0pscR",,,,"-36.998321756557","174.87601074155"
"KhHQElWfyd3bukgLjyOLEGTTjzzDGtJL",,,,"-37.7566842","175.749621"
"Kx77RE0RKtNcTAHf6uBaW2SsEa3cvlxS","christchurch","NPD Mandeville","rb69n","-43.380703","172.53517"
"L4lO7HfLLBUgOvBFDLjmWX7rStnJhi7t","christchurch","McKeown Christchurch","rb68m8","-43.5492565","172.511368"
"LAVanAHAWxI8UImbxlSuyQwBvnfjnfJO","auckland","Mobil Papatoetoe","rckmen73","-36.9673364","174.8629971"
"LCdqc524wQno55z73w5TmYQKyApFlX4k","hamilton","Waitomo Morrinsville","rckccb","-37.6591219","175.5154307"
"LKt8ffEL67NAhdwtYlTp0RTg5glyfrlR","auckland","Z Glen Park","rcknxv","-36.7942641118","174.723923298"
"LKzSOoVmljMZrgKuWmK7ImP0ItPhL5up","wellington","Gull Silverstream","rbsmyt","-41.1449695","175.0166365"
"LW6rVhJGEsLERSKEjOVhNE42siNGTEwr","hamilton","Waitomo Te Rapa ","rck95yb","-37.7558584","175.2436824"
"LXLhmCFgR2QyzjB1W7VgQRN01igRUDsI","christchurch","NPD Rangiora","rb69x8s","-43.32724","172.600846"
"LcDzB4ET4V2DZvZ01xHaEnE6NZUhSTBd","christchurch","Caltex Hornby","rb68mc","-43.543643","172.523"
"LncyXEIxEzdMCFkTTv05dGIkoR685HVq","hamilton","BP Connect Cambridge","rckb2y5x","-37.890568","175.467477"
"LqzsddseXuGPLSNisG7c3WjiDfNEQiou","auckland","Z Ormiston Rd","rckmexr","-36.961445","174.8907531"
"LtjpAgGtiVrOqEtHTjx4ZviXK8tb3opm","wellington","Mobil Kilbirnie","rbskcw6",,
"LvTdLgMDFJR2nuQY3UWPZy3WAawAS8WW","wellington","BP Connect Waiwhetu","rbsmkp","-41.22306","174.9119"
"Lx4gDAQ2VEPDdECGFEMzRDZXPmGX5zbC","hamilton","BP Connect Tristram Street","rck9h8","-37.7913648712","175.280072526"
"Lx7f2F0CoBMYiGU8jDsqrjQmktO3uvZ1","auckland","Mobil Swanson","rcknm2r","-36.868485","174.616662"
"M3wJQEhTfAbqruy18XvHrYXlcBKZfRgg","auckland","BP Connect Mangere","rckmc2","-36.953715","174.790852"
"M76PKSIeCFDAALnb2vvaEHkgcubzA5dk","auckland","Costco Westgate","rcknt6","-36.8148709","174.6114747"
"M8vbFlk4mwOkAF3PYOepm4WtksNjrYap","christchurch","NPD Rolleston Service Station","rb684c","-43.584977","172.3899"
"MDeVPf50RpKpirI4XWw30DHEdnwjWUAa","christchurch","Mobil Riccarton","rb68rg","-43.5292958836","172.609100386"
"MRoWwHHY8ofh5Pd2AQnARjEZa3bRLmkb","wellington","NPD Kapiti","rbsrnq","-40.920173119033","175.00255345767"
"MSG8aGk3juaN4uJtvCbnLtaro6JMSQqe","wellington","Z High St","rbsmsu","-41.1978186673","174.937600244"
"MWcWVE4yDZHmqajKMXTfuFv3MWfjum5U","auckland","Gull Albany Village","rckpp68","-36.724455","174.6949709"
"MWzfQzEDc2npILTjhuSkikppIXDlDUDJ","auckland","Z Te Irirangi Dr","rckmeu","-36.97746","174.8975233"
"MXwTcWt0KipyfrMDfvVKBKR2bizetU1O","auckland","GAS Carbine Road","rckmfy","-36.9227888471","174.851096976"
"Mk71Z1671Kc208rO6fqg876HDhM26OHr","auckland","Z Ellerslie","rckq44","-36.8978379545","174.824561749"
"Mp1KlZAkNxNFcbmgERCAWcHkxpkv2YDC","auckland","Z Northcross","rckr0j","-36.709942","174.7283694"
"MwCdBKcE8CrXrB6GxzpQCjJRhWtEyXy4","christchurch","Waitomo Cranford","rb6b83","-43.498364","172.62865"
"N8fQxwuQSrB7CWFpkUqz1SSQsyT4Pcs1","auckland","BP Connect Coventry","rckqb3e","-36.772763","174.741941"
"NMqLtaF1YlHePUC1vO4Dmxqy5UviXLbc","hamilton","Tasman Fuels Morrinsville","rckcf04","-37.6602531","175.5214691"
"NNLEWcazRCPtk7mPkkTFfygUFJ3PLwC6","auckland","Mobil Smales Road","rckmgf","-36.9431700491","174.898193237"
"NcCO7CVDE2Fa3NeC35NFbeWYdDi8wlfP","wellington","BP 2go Karori","rbsm0h","-41.2849412488","174.736285599"
"NllCSJbgoQwDYzZONCXtNnJbGPCbTwXh","auckland","Gull Te Irirangi","rckmu1","-36.948834","174.906124"
"No0gyp6f1rPZZlhKrp7HOJKZz8rVJx6q","hamilton","Gull Morrinsville","rckcf1","-37.6542045059","175.52439305"
"NoT5J4o0kO7vkJWQtlpPT3EgvtOGNx4R","christchurch","BP Rangiora","rb69x8e","-43.327273","172.600016"
"Nrr78HyJKiJUExjh0sqaUsFcBhtMxHDK","auckland","Z Botany Downs","rckmuh","-36.9310767905","174.91131651"
"O5mRxVaDlHdKxBhapgfvqJEUAQEWp8R6","christchurch","BP Connect QE II","rb6bd","-43.4953366","172.7104268"
"OF6FCqbPrOBsv0N3FI4ZZZW0GAYpwaa5","auckland","GAS Pinehill","rckr01","-36.729184243651","174.73110856119"
"OH5fNkaDihGaebIhAoVKMDWuNfF4j6ko","auckland","Mobil Don Buck","rcknmnq","-36.8352205815","174.603118868"
"OIaTSKud7u1j5ZpORCcryiNASsqmysfH","wellington","Gull Waione","rbsm7v","-41.23225","174.893105"
"OMwj10GSQCBbucj0tpPcure3xn8HfdDF","auckland","Caltex Mangere","rckmf2","-36.9575592713","174.833451322"
"ORbjGiBb3M0PGcga3SXh05YOXBw5afbW","christchurch","NPD Ferry Rd","rb6b32p","-43.5491393","172.6821377"
"OmBoNkNqCavPDwyLSCucmIdwRkY8praF",,,,"-38.002915727372","175.32754111472"
"OnEVI0sxW7PrwcAtDtLdxs5RfJAT1tW2","wellington","Caltex Old Hutt Rd","rbsm39","-41.25549","174.798049"
"OqJwFbjWT8kBpBRPyHvx6HipRZzoJTYN","auckland","Mobil Blockhouse Bay","rcknp3","-36.9062564746","174.701612376"
"OxqSunGdIC6xtfkvlk3I32d78M6XnF1Y","auckland","Mobil Glenfield","rcknzf","-36.7689481836","174.720409397"
"OxshaIgpe7owZEPxrRVWQ6V4osddxqy0","christchurch","Gull South Hagley","rb68rc","-43.540302","172.616825"
"P3gC7TxkFSrFHPMq6Dvb7XycNh88l8nV","auckland","Z Karaka","rckmhd","-37.073602","174.92567"
"P6ytkuNnS16swygjG7juIDoSlA34xo1E","hamilton","Z Frankton","rck9h11","-37.7861937507","175.256202944"
"PAhgk3umOrKyGtr4rjP8yN7gx2iWHvvc","auckland","BP Connect Howick","rckqh7","-36.896278","174.92229"
"PFXSocWHF4uxUgQ4bGu82XYBNlLzrsLK","christchurch","Challenge Opawa","rb6b2b7","-43.5473491504","172.654306953"
"PMiWzsQ2qLVOSqjUKT1d7Mqv5AkzuPrN","hamilton","BP Connect Horsham Downs","rck9k7","-37.7301427168","175.273241494"
"PUXO4cQqRQP3gqZsWLDiop57wDK54ckk",,,,"-36.84326","174.750382"
"PY6pEUNjlLsqqKgJHciuG6OWUz1YLZtk","christchurch","NPD Port Hills Rd","rb6b1s","-43.570132","172.685614"
"PZdvWR8i2MCfXo5AKuXrdRXSumhJ6Bmx","hamilton","Challenge Rockgas Cambridge","rckb2vr","-37.8946717897","175.472884427"
"Pd0ZIQklNR8noSEu2whZn66oOPlvpdaZ","hamilton","Pak 'n Save Clarence Street","rck8ux","-37.795448","175.2825352"
"Pk5XnXcmSv68x3FDWtBCFRcXuOYjsTxt","auckland","Z Ti Rakau Dr","rckmgvc","-36.9257871655","174.89402248"
"Pk6NLnv0ZorXMicNYivQL7vr3wTrhlFq","auckland","Mobil Avondale","rcknp6","-36.899318756","174.696345307"
"PpaQsvMIlINohUp5b4Lk7Ee1N6vZ43KG","auckland","Pak 'n Save Glen Innes","rckq4z","-36.8753604","174.8545468"
"QPA3DBmfHvmWyOlPKBEzLV3UQkejdj3X","auckland","Mobil Glen Eden","rcknn27","-36.91162","174.6548"
"QVbtElhUHXfzwaS2nrrloSr35zIwIOap","wellington","New World Waikanae","rbsrrwz","-40.8751994","175.0664158"
"QeUER2gQRzSX4jNkl1Qy1bBX5uhM7ulx",,,,"-36.90151","174.654996"
"R0AW6Z0RuQSZpO0qCQJU8eNqNeuVoMnc","auckland","Z New Lynn","rcknnf","-36.9028755","174.6811188"
"R0kXG66Nbm665Rm0mrpmyUDrIn5zHh8D","hamilton","BP 2go Leamington","rckb35",,
"R5LgeXbmsBfk7mZu0cVPlT2Bl1lMPVge","wellington","Z VIC Corner","rbsms6","-41.204274373","174.914277686"
"RCmFrt6dBf0v4i5nO2BeIBz0zYPbrAje","christchurch","BP Sawyers Arms","rb68xk","-43.4813509","172.5926427"
"RLqgN5A3ASbJBOmqvprPBUbLjUcBv5ig","auckland","Mobil Epsom","rckq1h","-36.889969042731","174.77549238515"
"ROIx0nSqGCTAEp6BH7tTz3Du1rinpWHR","auckland","Gull Papatoetoe","rckmdz",,
"RZfR6d6xRtr2zR7K8ezv0eXfPfytWso5","auckland","BP Connect Glendene","rcknnj","-36.8858127764","174.644664009"
"Ra7lEJrDyhTnl2jpf0yLvmQh8eYiZtfy","christchurch","Gull Stanmore Rd","rb6b2vh","-43.521905","172.656127"
"RjyiraTYAvfCAEl5jIiRnAgwQblad0oP","christchurch","BP 2go Redcliffs","rb6b4","-43.56130598461","172.73800056428"
"RpKhXTWkTXemgDuf4OdAU4mWem3ZBHsS","auckland","BP Connect FlatBush","rckmezp","-36.962895","174.901827"
"RqZFWjYoEOMqvbsGohXYyu1AAKckjktP","christchurch","BP 2go Linwood","rb6b39","-43.5421596062","172.687298503"
"RwxydDlvjplr3tJ55FfadfBuDCUoLrlq","christchurch","BP Ravenswood","rb6c97","-43.308226","172.672581"
"RyfVikDp4vIHeZG0DO4VdFuSeqnzMrL4","auckland","BP Connect Herne Bay","rckq2k8","-36.845153","174.738538"
"S5XrqwXhZuo1cvgohnvdmQwKkowP5CwA","wellington","Z Kilbirnie","rbskct","-41.3199645055","174.794569903"
"SH8BUyRUhcbbWnwLML6WzoYPPdwkh33I","auckland","Z Wiri Station Road","rckme23","-36.9995552","174.8711776"
"SVgxO25j0JMtDNDigB0oO2eQ8LGIox7i","auckland","Z Greenlane","rckq1s6","-36.8899241","174.7955249"
"SngVgqC1VgPNkH5TlreZKNKShqQqOigW","wellington","Mobil Cannons Creek","rbsmg","-41.140987712","174.864616621"
"SpSZ3aIiuzSXKsxacAsTwG3KPUKOUHZP","auckland","Pak 'n Save Fuel Wairau Road","rckqb2","-36.77874","174.7453"
"Sr6rw14niy1lCNYXqta6UzFxZXZnEpyQ","auckland","BP 2go Hillside","rckmbt","-36.926269","174.7496286"
"T14vbP7OIRcVqW4SC6CWmfmcaIWrAT55","auckland","Z Hunters Corner","rckmen77","-36.9669491929","174.863086207"
"T1rZfxzvHHjvkSQsRFJpvs5JNqs3Tztl","hamilton","GAS Te Rapa Road","rck95y7","-37.758407","175.247105"
"T2R6NX0SkdLaVrsMzfcTlMWQFfNjp4dN","wellington","Z Johnsonville","rbsm3y","-41.2263189823","174.807054245"
"T5CpraciWt3PI2YGHOhXXQmFs7815aLP","auckland","Gull Takanini","rckmk4h","-37.034566","174.908139"
"T65pkWf4QuZWq3kLSghnulLCHN8WzPby","christchurch","Tasman Fuels Self Service - Springs Road","rb68jv","-43.565075549926","172.52451585027"
"TFPoO21J25vCgxGQkrjKCd6rcO4L4TVC","wellington","Waitomo Tinakori","rbsm1r","-41.266689","174.782471"
"TO2hrIEpYKMcDzGRePQf7TIcwTZASQmV","hamilton","Springdale Service Station","rckf7","-37.529874","175.56749"
"TQDQx8yUu8cMpHQQCKMEpMNTQ2ZAbo4Y","auckland","Caltex All Seasons Energy Centre","rcknq1","-36.8630067674","174.648513321"
"TTmHzZSxnqggyV8EqDR43wWGsH0t4Q06","wellington","Allied Seaview","rbsm7t","-41.2320975903","174.890448498"
"TV1SC2Nbb6PYOxGJhuhF3RdFuTFSsVmF",,,,"-43.330784","172.599865"
"TarpTtIhhCh4OK1GNd2ynZHhLKfWK6WW","christchurch","NPD Sockburn","rb68q6","-43.538817","172.5483"
"TdfyD0WvQ6YMLzkzvUhZKfkRmun6d1x3","wellington","BP Connect Adelaide Road","rbsm11","-41.3027699351","174.779297024"
"Toncu5HZzKHXrtCxas6k7kxmDgPg1iEm","auckland","NPD Otara","rckmerk","-36.9607963","174.8749003"
"TouIjvQ88rIcl0LpIKKfEItvHW5RRYiQ","auckland","Gull Hobsonville","rcknwh0","-36.803127","174.639128"
"TxbFErIaMRXDabaeU2A37Bg5S2QUAin1","auckland","Z Lakeside","rckq8xq","-36.785485","174.756881"
"U4bp1wAZ0Qst5qD6pFkbVyWeyIj4HPlY","auckland","Mobil Eden Park","rckq0r",,
"U5FutYr0FhcnEPPIxMlXff1JgpQQindK","auckland","Mobil Henderson","rcknjy",,
"UAcdNqgVDGSGDGOjjJeUDeZKsl6PT5rG","christchurch","BP 2go Westburn","rb68qy","-43.5158501","172.5723207"
"UE2BupXmziALEvPUx7oe3BRzHlTQ51LH","auckland","NPD Wiri","rckmdbu","-36.997321","174.853393"
"UHTA5dfdxEEW5CIhQpTDGt4dwN4t1rSp","christchurch","Mobil Redwood","rb6b8j","-43.4733136152","172.617638791"
"UHfSug0kZzBpVb7UlzQJJJYKVLnxDVPu","auckland","Pak 'n Save Manukau","rckme6","-36.988228420425","174.87948747584"
"UIfJjVO4EK3doqVNMOTAvFSFxhQMxrAI","wellington","Z Kapiti Rd","rbsrq1j","-40.9066060719","174.997943718"
"UNQwRtPaQAIjD6Rpio2pAVy2VM505vmE","christchurch","BP Connect Hoon Hay","rb68pv","-43.5644065","172.6084238"
"UaI5CXk2UpmqaMslMHt04vLXhOIEDsTB","auckland","Z Browns Rd","rckm7j4","-37.017753","174.861973"
"UakZSVmDSB6XIVWPfSQzAoQQdzv8loRb","hamilton","Z K Drive","rck8um","-37.8078274","175.2703465"
"UjwfoJQmM4iSLEPbLKajyJ1VQugOeyT8",,,,"-36.9416","174.83334"
"V2SUjK8gUjNXnMIzMPosWqJ0BXVGi6Ee","auckland","Tasman Fuels Kaurilands","rckjym","-36.9271681","174.654142"
"VJktaiiAumsjUBFvFgMp8zDJX3AGZ1tT","auckland","Mobil Mt Albert","rckq05","-36.894106125","174.726729221"
"VNWHaQIWW60SDoFW7hzPAwsFZSMtWbTT","auckland","BP Connect Lunn Avenue","rckq4k","-36.8884358389","174.831743559"
"VmeWYyz3JtGPan4oTM8hNlqfDuQqynHN","auckland","Z Lakewood Court","rckme9","-36.9948933","174.8861632"
"VmsyxVlcZcIU61VGktZaPVr5EmwUqaKh","wellington","GAS Waikanae","rbsrrww","-40.8765086898","175.06565761"
"W4Wf2QNq7baF73jW4vy0leKUoLxSrF3I","wellington","Caltex Kapiti Road","rbsrq4","-40.9020017","174.9922086"
"WFucBSR4ekmHQs46rxVlGFvpfbKdB8eF","auckland","BP Connect Weymouth","rckm76","-37.030747","174.877598"
"WQcYEhlDwcOZWstqdGolgVSbk8DZ5fWJ","wellington","BP Hutt Rd Truckstop","rbsm6t","-41.2320331","174.8373072"
"WSRtON707TLVJwB6QCNTEN2WWMirFWKx","auckland","Gull Devonport","rckq9b","-36.8207772","174.8053171"
"WbmKRJ4azmOf71KrAZeRndZ47K1xDd84","wellington","Z Constable St","rbskcr","-41.3133677676","174.782152622"
"Wlc2yRd1XFuq5gsnzI41QEF8vb5rEiL8","auckland","Mobil Porchester Road","rckmkd","-37.029902","174.925687"
"WlxWoQshQL3SJvV0XCjpMKWKygUzBJnP","wellington","BP Connect Upper Hutt","rbsqpc","-41.123555","175.075782"
"WnXILZqkodl7G61zMTBGlasgWEVXu48G","auckland","Gull Wiri","rckmdb5",,
"WpZ4AJGt1ouNE2sigemBqnKPaPcXVAyF","auckland","Mobil Drury Lane","rckkv",,
"Wpluy8YjcEyk1JFsHE0Popfni2jal2y2","hamilton","Waitomo Te Rapa","rck972s","-37.746239","175.226614"
"Wy32SYeyWM1K8PDFqSVUsOeyInLgu64b","auckland","Mobil Panmure","rckq4f","-36.8981043942","174.85140632"
"X3EHnXUHRzrhXlRdbaH7MbnckiDymtSB","auckland","Caltex Riverhead","rcknug",,
"XWJt4UjNGA6nN5LEDwKqQKaD3Hfa5tUF","auckland","Gull Kingsland","rckq0x","-36.870656","174.748544"
"XbbpjqfudWRIMc36qzUhvipV5aK4BN1d","auckland","Gull Portage Road","rcknp0t",,
"XcpLiKdzlGgzXLxSJnkBAmgMbPMRzJEy","auckland","GAS Chartwell","rckq8p","-36.782909","174.7314"
"Xf3agbJFKlTaJr71faxalfLHJ5eDbgjt","wellington","Challenge Pauatahanui","rbsqh","-41.1053674002","174.916590268"
"XfuTklcVJG3FebXoZtKT5TjBdaGBPgbR","wellington","BP Porirua","rbsq484","-41.1317366","174.8403246"
"Xh5zPUpGgYiYcQzc7kAZSy3VlXSzYMd7","auckland","Z Albany","rckpp67","-36.7256759","174.6982909"
"XmKOw2BrZ1Vb0CfmYm3a6yyDFbBdybFn","christchurch","Gull Ravenswood","rb6c95","-43.308776121949","172.67193893156"
"XngQjILmJufQoooZlbN6fZaYsqerTjVo","christchurch","NPD Islington","rb68m05","-43.548927","172.490638"
"XpDvFClH8tvK6acCsoHnlNKVaz57iqrV","auckland","Waitomo Epsom","rckq1n","-36.8795279","174.7760123"
"Xrs08fPBNlAyuRcfZupmzWpFsn2niXpP","hamilton","Z Eastside","rck8uy","-37.7993073","175.2967094"
"Y13iPPUr5PKvk7PqiWJ1TzZliFR3ie85","christchurch","Allied Wainoni","rb6b3wy","-43.511914088701","172.692065046001"
"YE0qoO0gM6m6j0SJYoBwyjiwVdFDZfAp","hamilton","Mobil Te Awamutu","rchxv8t","-38.0089973297","175.326928241"
"YR7MMdi7wcICCo1j8Fl0Zyj5tga4pYib","christchurch","BP Russley Road Truckstop","rb68ws","-43.478896","172.555431"
"YTS0nyNsLCn1xYcMpMf6hnfCCSBhN7u6","wellington","New World Miramar","rbskcyzc","-41.315258631538","174.81434060358"
"Yz6D5eu2VikjbcBKX6qzkqBY0iWzXgzZ","christchurch","Caltex Dyers Road","rb6b3c","-43.539791","172.702449"
"Z1JBY288YMHwBMGliMdwPpBM1Xugecr4","auckland","Tasman Fuels St Heliers","rckq6c","-36.862585887345","174.85600889752"
"Z2cGUn1Db6QxeKcIZT0xoUQTatuKkPUZ","hamilton","Z Rotokauri","rck95r","-37.7542628","175.2305838"
"ZECWj0Ko7dp8mCoBBqJvQmRrlPWqPOMt","christchurch","Caltex Redwood","rb68xu","-43.478978658948","172.61645569365"
"Zu8KxI3jxgu42S57EDFsXDDSWVbLqHHr","christchurch","Challenge Little River Garage","rb4yg","-43.771184","172.790186"
"Zw8g8qIKFn8n4wsGQmvZnVkSaaIOqEFx","christchurch","BP Connect Moorhouse","rb6b21x","-43.540243","172.627661"
"aPwUdW7U3iVwf3xE2EYJtf3KhqErvimq","auckland","BP Connect Whenuapai","rckntq","-36.792916","174.615451"
"aVXFl4nhpCQEN6EwVMn7tEx3KjZrE6JK","christchurch","NPD Wairakei Rd","rb68wf","-43.491850258053","172.57291898131"
"aWWYcJr7gemDdVj0XV74DrvwvJJ8fBgW","auckland","Gull East Tamaki","rckmex7",,
"aWgNu4XwBRWbwCsMpQ0RInQK5Cmj6eKL","wellington","BP Connect Mana","rbsq5n","-41.096034","174.869058"
"aXlQRy7lW3gFn00i3HFWSBNvybXjXeZp","hamilton","Caltex Super Service Station","rchxv9","-38.0066617162","175.328729967"
"ahzmLLAdDzLMVnMhRF6g1Yhm22I2KXw7","wellington","Mobil Petone","rbsm7r8","-41.2221454775","174.869946915"
"amjqaiKrjIEBxM32D0lizdUfER3GvTq6","wellington","BP Connect Kapiti","rbsrq1n","-40.9075326","174.999284"
"b1j4SJCUu1bcZ78IVvkXNucdwkgLlzPf","christchurch","NPD Sefton","rb6cc","-43.248642722797","172.66831013134"
"b5Abpvm0gCkecv3JW1vKOhOQL62hTKTl","wellington","NPD Porirua","rbsq48c","-41.128666691005","174.83786345767"
"bCk0340ojiKZQkKH7qnxutbZDT7DGylx","auckland","Z Roscommon Rd","rckm6z","-37.0041732054","174.852386129"
"bELtSJmdiJIvYWPHq2oKFegeQRfqs3yI","auckland","BP Connect Cavendish","rckme4","-36.9902042844","174.868001777"
"bKeis4TwqC3jwU48yhN7AEIrBIiL0RoO","hamilton","BP Connect Glenview","rck8ud","-37.8217545253","175.286707718"
"bKy0sicj8kuKiDghVzCBSvr5CqSyoiZg","auckland","GAS Station Road","rckq1b","-36.9140560265","174.809882043"
"bV2jerzIXtSxUwZexYgr2pDqhrruPRPy","christchurch","Z Woolston","rb6b31","-43.5432484","172.6677763"
"bX7FCaV486tABxFDU3Kr5K6Gd35oggON","auckland","Mobil Wiri Station","rckme2s","-36.9984285575","174.875991559"
"bbDLv8pY71RqHhQFzzBroKKTVVqqBgfl","auckland","GAS Dominion Road","rckq0w","-36.8807296","174.749235"
"bjQd5iF2HoiJAdjChZbNkegeIi0DYdUl","auckland","GAS Panmure","rckq4u","-36.889258981536","174.85665269205"
"bkl4aTa13niYpACmHlryL2RmfKnRjaHY","auckland","Z Manurewa","rckm7u","-37.0236633","174.8996739"
"bnthNef7ad0KLaFbwLNqBivKExIIxxnw","hamilton","GAS Hinuera","rckbr","-37.8877414","175.7750843"
"bsrtYISlPmbqElsdNill660h7MhGpmHh","christchurch","BP 2go Papanui","rb68xc4","-43.4995599","172.6098193"
"btoeAgB0fEvEnCEVMIizQSXZ8jOJRP3f","auckland","Mobil Cavendish Drive","rckme1","-36.9930564","174.8602337"
"c0MhNx4wqZg5FbkWMAOLSHgmCFbYAfDI","auckland","GAS Howick","rckqh9","-36.903361","174.927171"
"c3Qpl2Qr7MXo28cF1XpKNq5umACRnotJ","wellington","BP Connect Whitby","rbsq5e","-41.1137433","174.882267"
"c3lYRfylP5PDxUowOjtLTU1gqz3lMpEF","auckland","GAS Pembroke Street","rckmek","-36.979184","174.874073"
"c4WeztnX7dnbfjfFoTd0nqdir33EiZr6","hamilton","Mobil Hillcrest","rck8vw6","-37.802438125","175.323361699"
"cALqF6xRxUlZP1HbrmeVTIJkmgWNI6Td","wellington","Mobil Silverstream","rbsmym","-41.1468539158","175.010127834"
"cGQpwMm2ZRMKhsIJIOAaJGFqzAmlCHEW","wellington","Z Taranaki St","rbsm14h","-41.2968847526","174.776341502"
"cKriQ3JgBHAUHvtyBPGmLEQa4WSrejbs","auckland","BP Connect Pacific","rckme8","-37.0013616906","174.88915409"
"cUX4bBHQhhKhqdwQn3NaTBdywHg5Voc6","wellington","Z Petone","rbsm7p","-41.2226697106","174.868597921"
"caYOCD8k28vr6Jlab4VyU67Gja1lMpbV","auckland","GAS Albany Heights","rckpn","-36.711565556616","174.66930255841"
"cfNVnv4Q20HiVDPT1vSwpyBzRPsfboga","wellington","Z Miramar","rbskcyz3","-41.3152086272","174.81358372"
"ckmqYcHJ6KdUjEhuRDh0Ntm6mKBRqoW5","hamilton","Mobil Karapiro","rckb6","-37.9168639597","175.555373239"
"cp743HsVqbCuXMaBDJ6exhAUlBlZIVon","hamilton","Challenge Lake Road Service Station","rck9h2","-37.7883292021","175.268426166"
"cuhvaN0WKkC8GOfJi7uXAmN0cL5d72AV",,,,"-36.6214218","174.6839177"
"cznE4DE02GbheT4f8fHwZXnGTvsBhDsx","hamilton","Z Five Crossroads","rck9hg",,
"d0UBbSq0xABXtHOyx1TTxuMJ5m5lmjRZ","christchurch","BP Connect Bush Inn","rb68r5","-43.5312723","172.5765687"
"d1IqyhJN2qdOOHibAvpI3c7iRFoo3s5m","hamilton","Z Pukete","rck95xq","-37.7525975401","175.240959581"
"d1ZkYTqLtdezGznLNqxwp7jQXkKWwjoE","auckland","Caltex Highland Park","rckqh4f","-36.8977286672","174.906434138"
"d2htEopuK8gLDvOuQCM6xS3yuVJr0Uds","auckland","Gull Henderson Valley","rcknje","-36.8940406236","174.619491939"
"dB0fry2N4oIcy1LY1Fx7OUWw1amSEJIg","auckland","Gull Birkenhead","rcknxf","-36.810968","174.718195"
"dHP4VvG7oew6A5FhyDXqp2AesIHVaLNJ","auckland","Z Mairangi Bay","rckqbx",,
"dN080SDff1zBmFEiEkFs3c7idaCoX6aQ","auckland","Z Constellation Drive","rckqbn5","-36.7481956","174.7319283"
"dS7t7rADODis685RdfXVSXQQpi5dNWTi","auckland","Mobil Takapuna","rckq8y",,
"diAWrxV0O4LIF3usvglPhe7PS6AuWWNF","hamilton","Waitomo Ngaruawahia","rck99wc","-37.6667159","175.1467879"
"dijBPjqdocd7GwOaY3oDiOTYStG5m4WK","wellington","Caltex Olympic Service Station","rbsmt5","-41.2005360411","174.947024323"
"e3rxQk6yAvENILI8RGTW1Mvw4FAn2JwU","auckland","Mobil Dominion Road","rckq0k","-36.8911462661","174.74629423"
"e5YywaiS5mhOZeIP62bekI8nhZJJRJGD","hamilton","Caltex Te Rapa","rck95y9","-37.7571058342","175.245392079"
"eBGVv5PEioSabOJU4hUMojJwaXxd08pc","christchurch","BP 2go Mairehau","rb6b89","-43.4976204","172.6423573"
"eFvbNODyjqm7kpPIj4GPu3cNtCzhzuIo","auckland","Mobil Onehunga","rckmcm",,
"eMdLUpKfC0RrHK7gLCuNxIGTYhpMuZVa","christchurch","Mobil Yaldhurst","rb68mq","-43.512215","172.504129"
"eeTATCNRwgqMJYAFNFiwFTQg1R3zc8yp","auckland","Mobil Mt Roskill","rckq03","-36.9046644053","174.742347622"
"ei0fVfWwpfuVPvSSowKISXBKVSIkoeag","auckland","Mobil Verran's Corner","rcknxe","-36.80613","174.7062"
"emOuj1sP2OLZgFZquSs8QNlp6Y6qAz03","auckland","Orams Marine Village","rckq2t","-36.841880050407","174.75357613068"
"enqcAd0xyDWpDONfALb4OSaEGb43KgAL","auckland","BP Connect East Tamaki","rckmum6","-36.928591","174.916646"
"f85GhZlyP8bGMKujiWyhtKEQoSySsE5Z","auckland","Z Waikumete","rcknn6","-36.900031","174.652775"
"fQsQD02OUUtovzbV6HADuaJWSZFAWxb6",,,,"-41.255411717323","174.79802420859"
"g1idkA1SEtZSFkVgnETj5ObgzWDwmf0p","auckland","BP Karaka - opens 6am Wed 9 April","rckke","-37.137149948075","174.88510855467"
"gTyDOBXA6ousnrzLetFoUkf1ouTOjjfY","auckland","Caltex Somerville","rckqh8","-36.9121445913","174.92597707"
"gpb4MRfpTvKb2fPYrPt6znILebwA8Tuo","hamilton","Mobil Clyde St","rck9j0","-37.7899166292","175.299164637"
"gwFdsfBgi3aHSgg141aGbAPum4K3ZMPT","auckland","BP Connect Greenlane","rckq1su","-36.887791","174.798539"
"h7uyzY3QAdq10ErDtFqprG77L5BwiXjG","auckland","Gull Carbine Road","rckmfz","-36.917913405001","174.84774629605"
"hK18wCdAN8h6UYUsfpmONIVvAXQhj4Jm","christchurch","Challenge Hills Road","rb6b2v9","-43.518289","172.651756"
"hLl5U1uweUar3ZoD5iqFXNn2Q7H5bGtM","auckland","Z Glen Innes","rckq4yt","-36.8770634","174.8544868"
"hPcvJ3mdp81ylVtOfcbKl6VM7sT2BxGB","hamilton","BP 2go Horotiu","rck97p","-37.7100914","175.2111243"
"hZ7gDQPwk2WEnHGoDgdJvwnKFATSnwv1","hamilton","Pak 'n Save Te Awamutu","rchxvc","-38.0067611","175.3388251"
"hZjlEZr2qEAzmzc2UOcQyI4qhHddkde6","auckland","BP Connect Rosedale","rckr00","-36.7352208276","174.726682127"
"heagmCt3oHRVgaRrR2qTojhhw3VyOdlN","auckland","Z Tom Pearce Dr","rckm98","-36.999594","174.797095"
"hfkIoGcmbAEEcRsnrq8vU8Mj2lbGeEBt","auckland","Gull Rosebank Roundabout","rcknnxw",,
"hlr1WuLSC3WgT7qcwbRzHlBFUyadYsLm","wellington","New World Hutt City","rbsms4k","-41.20829","174.90818"
"hqIVoTI7NtCjLlasGA2pu8DoXfiPDjEH","auckland","BP Connect Hobsonville","rcknwh9","-36.8009097","174.6412257"
"i3QKWjZVViAXVbUxNKdew4jUf1rdHkGU","christchurch","Z Addington","rb68rb","-43.5458676123","172.608683078"
"iAOOqyywkJT36lkJNlsqcpv8z0qcxpmp","auckland","Mobil Mangere","rckm9s","-36.9760063796","174.795999708"
"iCrEjXCGtZ3b4gviF7BQHavmIYgunX2s","wellington","Waitomo Petone","rbsm7q","-41.2271756","174.8738049"
"iGNJfExPh5dEMTXpMKOVNFH3TpFZb3pc","auckland","U-GO Hillsborough Rd - still under construction 7/4/25","rckjzy","-36.9224256","174.7195093"
"iHwWXXFbKHGcD6gtee7tsu1kB8ijXepr","wellington","McFall Fuel Kapiti","rbsrm","-40.8944697","174.9807735"
"iRWouheYFHo8O2iKJvukFnweJkApBpAy","auckland","BP Connect Boulevard","rckq1eg","-36.8924740842","174.796864615"
"iTyPJaKDEc48KIG2mmilU42RYx8Sci8y","auckland","Mobil Manurewa","rckmkn","-37.012343072318","174.91128984426"
"iWpFeOUhs7CbFBoJX3rsIOXIdPbAlD8m","auckland","Mobil Highland Park","rckqh4s","-36.8990291","174.9085853"
"idKIQyeXH6eplvtpAMaZzSJpS2MepKh8","auckland","BP 2go Mt Smart","rckmcz","-36.9147636","174.804343"
"iiTF7a6Mm3zFff8TqwbdQp3PuUU6wxd1","auckland","Waitomo Henderson","rcknjv","-36.883265066771","174.62919355075"
"is1VzZfShzwoYUBjKeSkhTkQRZXWIFry","auckland","GAS Mt Roskill","rckq01","-36.9055779933","174.730499676"
"ivVK6GyQjaiXOnINvBKOkK6iEBnSR1sY","auckland","Z Otahuhu","rckmfeh","-36.940885","174.8428832"
"izfBAqJT5bQAtGUJKyCM7wW40Qytvp5I","auckland","BP Connect Mercury","rcknps","-36.888467037413","174.71058558673"
"j66iKMxqFXtzklX7ekbLoEKwGp4L2W6W","hamilton","Gull Te Awamutu","rchxtx7",,
"jAQK7X076xvRk02ozcrokPoOGZMSS78H","wellington","Gull Wingate","rbsmtq",,
"jK3tdnS5uliUfgI1vLsLwbfMsedXpYoB","auckland","BP 2go Station Road","rckmdt","-36.973905853974","174.84239503741"
"jNq66lvOa1w5jKaNA8QIxvEFPH3jVqbn","auckland","Gull Titirangi","rckjy7",,
"jQ4u8QsVDV6CkLQlRVOPbM5SDHoFxczb","auckland","Mobil Kelston","rcknn8","-36.9086396271","174.664231568"
"jTkTtnMmrM82PK2ziCMsipcMd7T5uGHu","christchurch","Z Curletts Rd","rb68qc","-43.5389326689","172.567868315"
"jVMbBZ6qdZ8g5uFJcQmuHBrMS6mdqThh","auckland","Caltex Oteha Valley Road","rckppe5","-36.7208509","174.709456"
"jW5X6JBrzu1EBaQcgyHToB0N1Pi2SPpN","christchurch","Caltex Kaiapoi","rb6c0y","-43.3804203726","172.661095606"
"jfJ72j7nF0WM0I1lXzSYyFNVTzIcCdLl","christchurch","Z Cashmere","rb6b0m","-43.5653566453","172.636588555"
"jfrZrF8wiVSq0zqSwlAYduxidNTI2a3i","auckland","Caltex Dominion Rd","rckq06","-36.900372447187","174.74288462389"
"jg7i8BuSCa5li00XYpUzWRWZmLNPHVsb","auckland","Gull Forrest Hill","rckqbs","-36.7577462","174.7504731"
"jsVjKAnixxz3EmJ0NJDiJUwXkwyopSqY","auckland","Mobil Parnell","rckq33",,
"jtBOJDI4AEfgSg4VtlaKnRttzUT6MP2L","wellington","Z Broadway","rbskcu","-41.3252752341","174.810875158"
"juLPFZQJeSkkqxdLLtkFEDdYLNPguNfE","christchurch","Z Templeton","rb68m04","-43.5497965058","172.488518533"
"k081OUHhggism47gT1Jw2RpzrEvDIVQL","wellington","BP 2go Railway Ave","rbsmec","-41.212452630462","174.89367944022"
"k74gRXeEgNz3Rinufp7VO68I7SMwoAaF","auckland","Mobil Glendene","rcknnh","-36.8868487987","174.644066446"
"kA8x540PXo8ImfYeOpsEG8ayJYjmnEgD","wellington","Mobil Lower Hutt","rbsms7","-41.2032717177","174.922720125"
"kDRLqlIzpTuKgQZWFFySztsdqjMZGTpF","auckland","GAS Pakuranga","rckq52","-36.91148","174.871685"
"kOGAaQqgSAqrkTOL6klhvBwLDU0usrUU","auckland","Z Kingsway","rckmjj1","-37.061869782037","174.94852669537"
"kRAuw0oi3MvHUlK24cFcXOA5jzT1e0Hb","auckland","GAS Cascades Road","rckqh0","-36.9133603333","174.902398332"
"kY4wQiAWyADrw0d26iDXKJKrqqI5XSdb","hamilton","Waitomo Greenwood","rck9h0k","-37.7903192","175.2601053"
"kvYWlqKxOoxmCotO1UodIsqC1hVmPaT3","auckland","Mobil Walmsley Road","rckmc8","-36.9525287","174.799583"
"kwejMXC1HBFu1gNvMtq6lnfiuku6sncA","christchurch","Allied Rolleston","rb685","-43.580367","172.40964"
"l4EL2Jy3ChulCjbZnjNev167vQDaqeup",,,,"-43.47031935555","172.56810358877"
"lA1BMdeIYaUNPpF5egwJpniuyUSscyJU","christchurch","Mobil Sydenham","rb6b0r","-43.5501965138","172.63716168"
"lRG7ov1cZppT746DiHFlfh8eLxcIum0F","christchurch","Waitomo Woolston Fuel Stop","rb6b32m","-43.547338","172.679674"
"lSQ7CC63IX8AiOzHF77loFxYIm8JdRmz","auckland","Pak 'n Save Papakura","rckmhws","-37.0528454","174.9311707"
"lT2vbRpPTFz6pedW7x4u37eUlcvyQy4L","auckland","Z Panmure","rckq4e","-36.8961807","174.8407632"
"lTzvOg1fqCXqvnYY3dEBmgV0J3nyvLZO","wellington","Pak 'n Save Petrol Kilbirnie","rbskcw4","-41.3183466","174.7964841"
"lUJRXKLglcNtgK1bUzSYS5nOqR75SUpa","christchurch","Z Russley","rb68qj","-43.520158436033","172.53450680485"
"lZTiWxiqdAAkcZT5QIAMOe5lz3e0Wppw","christchurch","Z Shirley","rb6b3p","-43.507313","172.662733"
"lkhdWc8OJbrRAvc4ZSdPpziujCnSTysq","auckland","Caltex West Coast Road","rcknn1","-36.908331227054","174.64637295177"
"lmVlLQROCjQo5aFdeIpZgWYIfDHZ4blh","auckland","Mobil Mt Wellington","rckq49","-36.9080649833","174.838789648"
"lmWddHDkn6YPlt7hEFBZO0nqcOFcPzV0","christchurch","Mobil Madras St","rb6b2dd","-43.5356621845","172.642336178"
"lyuhleaJsZJyNiTfys118INAeknNgqsq","hamilton","Caltex Hillcrest","rck8vw9","-37.8008304793","175.321475044"
"lzkKQuoNa0S3px4wnXcPYPHgMJU8wSOc","auckland","Caltex Birkdale","rcknxq","-36.7881102947","174.699060499"
"m0M8zHHvAfnHSayAh5ajnWaTKOIgEUfI","auckland","Mobil Titirangi","rcknnb","-36.9123137807","174.675400352"
"m87gtJsE5gQIEf4XGWP7oHIHdOtb8VKN","christchurch","McKeown Waimak Junction","rb6c0x","-43.376218","172.650135"
"mCgYZiBCCtwDN6KB8VTT64Q1FEonPraD","wellington","Mobil Porirua","rbsmfw","-41.1399222036","174.842066769"
"mH2cURf4l4QazlutMkfEFJoqk3COqEsP","auckland","Z Triangle","rckq1em","-36.8949154","174.8001558"
"mKSojcMrfeloW1nskuVsyqTdYwPEJ3X7","auckland","BP Connect Dairy Flat","rckpq","-36.660043","174.666999"
"mlDxrpv36FPO71RcrqDOkXf3R25bKNi1","auckland","Z Kepa Rd","rckq61","-36.8613379","174.8231172"
"mq2dk3utcONOQ5qqInjBsANJdFMOrabu","hamilton","BP Connect Whitiora","rck9h6x","-37.7790801019","175.274870534"
"mvhD7HYka0tHfBvz6faHGYOTNWQLtbtq","auckland","Mobil Red Beach","rckpx","-36.6069915032","174.698397053"
"n1Sxq87V7RAJCifj0PfuSLUNVrowImRZ","hamilton","Caltex Pat Prescott Motors","rchwd","-38.1890076902","175.209868337"
"n7ZojzqOiLw5QMLVQipB0ICvCJ4drilu","auckland","Mobil Kenlock Motors","rcknj8","-36.9114907","174.6214205"
"nGCVQWRIyUimHmKEi6EODKKrJhXNjR24","christchurch","Z Sawyers Arms","rb68wy","-43.47072","172.569771"
"nNUFKKIDUTbfwvOHczwGWK5wG8P6iO4y","auckland","Mobil Sunnybrae","rckq8qr",,
"nOAa08AbUSev4qgmIrfzvS0mtMKicgZw",,,,"-37.760923227709","175.7516507271"
"nRTxRpXa4SiQJ8TbSFTF41O34i8Qjpng","auckland","Pak 'n Save Botany","rckmum0","-36.9303","174.9138"
"nyrw63zHOaiXzuXMFzNfhG8LRiIrKYGm","auckland","GAS Mt Eden","rckq2b","-36.8675413062","174.761562902"
"oBV67Hpoo01RROowRLCf3jcDE5Miuue0","christchurch","GAS Hornby","rb68mfn","-43.538586","172.527806"
"oDpYmNkqsaSHPy1zMmyGTPOcYfO1EDoX","hamilton","BP 2go Morrinsville","rckcf2f",,
"oFnmZwwh2UFeNsZ6TChFCWJpsXCG5ORO","auckland","Mobil Mt Richmond","rckmft","-36.9304999754","174.842789616"
"oIhukyWHkPXdA8Vpckq6ABJhbF4MtDPz","hamilton","Z Stadium","rck9h6k","-37.7805196","175.2713967"
"oQeUL02GkxMBMoCCrZR7SkHoWVD6GTRg","christchurch","Challenge Tai Tapu Service Station","rb4xw","-43.662924","172.54838"
"oTJRjTnSELqzlfVg1GyRCpuh344lvlKS","wellington","BP Connect Paraparaumu","rbsrnrk","-40.915860064","175.006937679"
"oZXeyzhmSSht5Cq8jEHVEnTbMUaPKrg7","wellington","Caltex Upper Hutt","rbsqp97","-41.1251907","175.0607872"
"oeGuGHm75OLanMj8UBm1M2EIqFqyloFp","christchurch","Allied Doyleston","rb4x1","-43.747915","172.327571"
"ofVtayxucDGJk7Va71JOGNRF3KFXcwjZ","auckland","Challenge Swanson","rcknk8","-36.866092","174.578499"
"oirMPYK7JtJ5SRNovvEvxPOZJO42ozS5","christchurch","NPD Brougham Street","rb6b28","-43.546530189418","172.64522633863"
"on7WpwLxZLkPesg7VbFwdNqHSl7fTsND","christchurch","Caltex Avonhead","rb68qw","-43.5114667665","172.555839077"
"opKbHTPzoScy2KquhjQroQzIKQ3HGBKC","christchurch","Challenge Southshore","rb6b6s","-43.5232002621","172.73198816"
"pCNEpsPjyfhSEdQnCHOIClYZ2tDVP2aF","wellington","Z Tawa","rbsmdq",,
"pGPh5e0NSi7TBraK8NoEyclAtGorEWix","auckland","Z Papakura North","rckmhx","-37.050637","174.929924"
"pQggRhXeqCtFwT4WzZRJ7LtgS3ep8fUJ","wellington","BP Connect Roadmaster","rbsm15","-41.2905625824","174.780251286"
"qAGQVwi6uXsEQpw12XVBxTIzrIUQWp1y","christchurch","BP Connect Dallington","rb6b3k","-43.525318","172.673307"
"qFWGUQ6Namx5Hx11aAfcuReRcFh1pdge","auckland","Caltex Clark Street","rcknp0e","-36.910007","174.687162"
"qKG0Tm8qL0yV8yge1POY6hlATzwGYEah","auckland","U-GO Waikaraka","rckmct9","-36.9266491","174.7945795"
"qn3ycB0TtCqMlZNpDApPeZUhWuq38GHE","hamilton","Mobil Lake Road","rck9h1p","-37.78632625","175.2646565"
"qpF1FyH3H43immHzcNY7c7mDAGlfhMMq","auckland","Mobil Royal Heights","rcknmw","-36.8327673615","174.622005466"
"qyHhwGROZQE2NtlpSfsb6CzPkoT0GoKj","christchurch","NPD Yaldhurst","rb68mv","-43.518471","172.527171"
"r213xd527BsBYEzf7uvcxjkSgIi0scIh","christchurch","Caltex Blenheim Road","rb68rd","-43.537472","172.597636"
"r6iDGN4YaV12OnFCcY66ulpO1bJuVOGV","hamilton","K & L St. Andrews","rck9hn","-37.756403101661","175.25948059973"
"rEHlhSZMpxL8Wrt47QFrllsG6Ghpl5zm","christchurch","Mobil Kaiapoi","rb6c0v","-43.3891104","172.6543074"
"rVM5xAkkPJgcLcvnOZa4ywySGz0HSJuA","christchurch","Z Barrington","rb6b0n","-43.5572986","172.6185711"
"rVaST3BgeYOZJWZfRMTc8sGlUfXHUPKG","wellington","GAS Ngaio","rbsm34","-41.2484961255","174.774579566"
"rVkAZiVDEpRz4QsTMcCOOTDQJxhTtgk0","auckland","NPD Swanson Road","rcknm8","-36.869567179713","174.61767983694"
"rmldihYuEzgzkZUzaSjsg2un7Je7xoGa","christchurch","Challenge Lincoln","rb4xs","-43.641410106668","172.47495397925"
"rxTXpZDL3EH5lMYTZzusgOEEZ8vzRdeX","hamilton","Gull Te Rapa","rck95xp","-37.753508","175.242085"
"rxThHmcMa2kWkyrCgw0NTd8KfFy1Ud5g","auckland","NPD Self Serve Manurewa","rckmk4c","-37.030265424972","174.9046343676"
"sABiRUgQcijvaIvcGkicyrif1qy55fh5","christchurch","Challenge Blighs Road","rb68x8","-43.5048091141","172.601541694"
"sAFBkt6heFN8NyAnnmVx0sAuSM0s5c5X","wellington","Pak 'n Save Kapiti","rbsrnr0","-40.917734","175.002309"
"sN7Ztd20Pt57V4PTzhxJXhgHIRWG4xkM","auckland","Z Pakuranga","rckq5fq","-36.9005755269","174.899613591"
"sOZpSwswRJ8tR4kUfbdiH4dHQu71ivwt",,,,"-38.187691282087","175.21487763998"
"sbhdZoEwbU67VENh8g8Fv2FuGcCCmXPn","hamilton","Gull Melville","rck8us","-37.8118577617","175.282529579"
"sdbMOwbQQ20shvdnqoCMAzVIYexGQP1g","auckland","Caltex Browns Bay","rckr07","-36.71905","174.74307"
"slwTLJt3RzrfDE58OV0VvSryJHHgvWCD","auckland","Pak 'n Save Mangere","rckm9w","-36.96814","174.798108"
"t3BjMXUjGluFp2H4oEQdboXq1VGvs17w","christchurch","McKeown Ron Guthrey Road","rb68w3","-43.499182463582","172.54330838361"
"t6mKYb7XKTAULuB6E7o6kA7TS6BAQTMp","auckland","Waitomo Mangere","rckm9k","-36.97565","174.784185"
"tIQAAq5O2XMoPCIpZUe2A62IuL4Vpos6","wellington","Pak 'n Save Petrol Upper Hutt","rbsqp9x","-41.12322","175.066006"
"tKlHEF5mGJPsXY1kj7laEdEXprJxWYDB","hamilton","Te Kauwhata Auto Services","rcke1","-37.403111","175.145022"
"tP0tFnRE6GliYtqbTinXXhkHyzgl5FUc","auckland","Mobil Puhinui","rckmdc",,
"tRYyKDKv13urngPlDHewJnovoj26E2RF","auckland","GAS Church St ","rckmcw","-36.9216609696","174.800642508"
"tcowC02uEqGlNOsQBy7B2PTuhkd3KiOi","wellington","BP Connect Tawa","rbsmf0","-41.1758054708","174.825005319"
"tzGsAwxg5m84oxeRIxH8a6pqxbWjBEJP","christchurch","BP 2go West Melton","rb686","-43.524064","172.369376"
"tzg2DCfcAy41FaQn3wihqha0ejO8rkWu","wellington","Mobil Kapiti","rbsrnrs","-40.9152822416","175.007710554"
"u0JxRzknt4Acs016GbpMdU8oOEcY2OAm",,,,"-37.883494","175.762251"
"u1pSu1CTSTReozETi4MoB5tgyCEj50mJ","hamilton","Mobil Avalon Drive","rck95g","-37.7749736145","175.244578436"
"uOtlZaOJMe3g6SJYqcoyLG7TFRu1NTQw","auckland","Z Mt Albert","rcknpy",,
"uRbtJqSPgIQ8Yi36KUJIBgisvL4UzlWu","wellington","BP 2go Berhampore","rbskcj","-41.3198664106","174.775514006"
"usnr1luwIxzxd6wgbFqtxCXFVMx7YXoW","christchurch","Z Bryndwr","rb68rz","-43.5105609","172.6076652"
"uwIbEk0tZL4BLfbclypHBt1WB3y3HkjB","wellington","Challenge Sunshine Bay","rbsmh","-41.2758393418","174.904797077"
"vCkBUF4uSpWBoQacClZVWHghxpfjysOf","christchurch","Challenge Halswell","rb68nf","-43.5825264911","172.56912548"
"vDG54fCUmJ02v2Um4Nzp3ijE6gCl6FMe","hamilton","Caltex Avalon","rck95e","-37.7724184869","175.241632314"
"vJ1C7LyNK6AJuR1xiE1weUl8K5L5g10e","christchurch","Mobil Bealey Ave","rb6b2t",,
"vJw47fT4HEScwovs5Oe1A6zzRiPXVqnL","christchurch","Z Belfast","rb6bb","-43.4516756","172.6277715"
"vLIsgnRzOOf2w1r8UFnpXE5ElUqXaDjA","auckland","BP Mt Roskill","rckmbx","-36.914092","174.754225"
"vMa2WIkRqXm0usTpfSRYYqkJOtwza1pK","auckland","Caltex Albany","rckpp9","-36.732776","174.709195"
"vQho4AeQ2PEuvWo02jCcrAS6TJ71Xr1y","auckland","Caltex Elliott Street","rckmhu","-37.0650575437","174.936535728"
"vS6uidkB1clA6E833kIxGILEWtHscNa7","auckland","Mobil Orams Road","rckm7w","-37.0087072","174.8903647"
"vhoq8HkHC2nzfamEQZmiVKYns8EX6HNz","auckland","Gull Massey Road","rckmdrv",,
"viABI11H63XfWFIuDbHst4xj0REbY5WB","auckland","Caltex Monument","rckmf9","-36.948835","174.84506"
"vlQNRMae2dvZVX8yoKg6hKPKcn2iVVX4","christchurch","Challenge Milton Street","rb6b0p","-43.5536842734","172.627145817"
"voSbWzZv2kxZrN2tIybXxIEHi8R7f3m0","christchurch","Z Rolleston","rb68483","-43.5915408","172.3776114"
"vowl4LH5usSUmvMWAdgV3dTH8alVeepz","hamilton","GAS Te Awamutu","rchxv8f","-38.008301","175.323287"
"vyUnUEzcET1uRpRRkStc0Q4GXYoJb32D","wellington","Waitomo Tawa","rbsmdn","-41.1825606","174.8241539"
"w2mSvGMlU4aBwhB6iOH6egJScnZTrzzK","auckland","Z Green Bay","rckjyu","-36.9312097","174.6775102"
"w3pUvBYusK6L8L0PgPQhwNQBcD1pnQD2","auckland","BP Connect Larnoch","rcknm3","-36.8638549858","174.614757966"
"w5CAsFXwZHAs0tOkhcrhG8gQ71TwhPmd",,,,"-36.872797","174.669868"
"w7iNHvPN1hLtjOcZFIycma8fwx1mxFs5","christchurch","Mobil Rolleston","rb6842","-43.58924","172.37283"
"w80YHrAdUUSjJr3BdzwWTLh7Owa0KrPQ","auckland","Mobil Ormiston Road","rckmezj","-36.962966","174.899504"
"wHuvvoUNMbRz1YqFsuH5D7rs5BkBt12G","hamilton","Waitomo Ruakura","rck9jf","-37.7791065","175.3326147"
"wJA7wCWMTNnNNwXOgOE5TBXAZtpjqbmJ","christchurch","Z Hornby","rb68mfp","-43.5383369497","172.52829638"
"wUSdLJuTIn6jraAjvS7776aymNnbb6KC","hamilton","NPD Te Rapa","rck972z","-37.7447517","175.2310393"
"wXHbpXrg1IyEcrpTgzUVIcbOx1UWbw8h","hamilton","Caltex Morrinsville","rckcf2c","-37.656721","175.531167"
"wa2JUj0WCdctxLtej1FsYcE471KAsnss","auckland","BP Connect Ormiston","rckmsq","-36.966145","174.914886"
"wcOlFz48zhOvFjmpe7dum363uZnw4qik","auckland","GAS Swanson","rcknkb","-36.8654904207","174.585762459"
"wsAfhEspEJauetrnaN3tgxY66iyXCO5F","hamilton","Z Te Awamutu","rchxtxe","-38.0149795","175.3246551"
"wsGhKeRUSWkzCyGk5iTqXVzq4up8jKJh","wellington","Waitomo Upper Hutt","rbsw04","-41.1189365","175.0850268"
"xCOOVAEpi2D3G7ALSxnKuXqjiRCJ1BXm","auckland","Caltex Papatoetoe","rckme7","-36.9811","174.87658"
"xRqzz0r0jVpyD63WSFjhpZoGglWhHuf6","wellington","Allied Pirinoa","rbssf","-41.352506","175.205555"
"xfantB8SrbmKmqnnq2yxafNESdGjNqFr","christchurch","NPD Lincoln Road","rb68px","-43.5507601514","172.599603306"
"xhVvZRXXk012zIKrhRjKK3t0tkYz7wMe","christchurch","Gull Blenheim Road","rb68q9","-43.538952915103","172.56212829383"
"xjyd5GPOXG8bcLRm8sbIgWKujCK7bGV1","auckland","BP 2go Onewa Road","rckq86u","-36.810984","174.74402"
"xogZKCkFU45Z3LP8cgOqXIUAGHL4jzHq","auckland","Caltex Abbotts Way","rckq4h","-36.887555698575","174.81871611533"
"xpLFKKRmomoALptDjSzmMJ35moXrRqYg","christchurch","Allied Little River","rb4zh","-43.759471","172.811842"
"xquOs7MUcEhrho5qWUV3BcjIv0d7cXHa","christchurch","Z Moorhouse","rb6b21e","-43.5402008168","172.622150812"
"xvryGZGhH1zVlsrNM3GueIM6HZSEbDD0","auckland","BP Connect Albany Highway","rcknzq","-36.744942","174.693638"
"y3WHYyTOVqlLUX1Dxp0tI5slH8Q8CGcE","auckland","Mobil Otara","rckmerh","-36.962188","174.87555"
"yFbw6a04hAYbkqeARtEjCjUPvINUJPaI",,,,"-36.890843857283","174.77474962378"
"yHB3TgCPmFkJObvVryJuT8f4KuFEaAC0",,,,"-37.781186","175.250608"
"yRS5NFpFb0emfSDYOKaYuq1h8BXgdWbZ","auckland","Pak 'n Save Mt Albert","rcknpe","-36.8936657","174.7057743"
"yUJuCjwJ4s6Ei08bB4sastD36QUDlB7y","christchurch","NPD Moorhouse Ave","rb6b29c","-43.5401","172.641709"
"ycIVbyVRVlUnKivH8Be2ssh2OYYhVUqm","christchurch","Mobil Papanui","rb68xcc","-43.4956264114","172.608199193"
"ycUxHu8jEaM8VeQurSWi5vxv0iDkdtbw","christchurch","Z Brougham St","rb6b2bm","-43.5477291","172.6575913"
"ydJA4DmrnNXZAO0Jl1B1dvBgjPpYHlaO","auckland","BP Connect Fanshawe Street","rckq2s","-36.8459004257","174.758993086"
"yddFJbmkwlmLlnnd1GkleYVPSAZerkYr","auckland","Z Harris Rd","rckmgvh","-36.9298546592","174.897162749"
"ypgDmrrcRPIsrK3XYHBGFjoRtiHqssGN","auckland","BP 2go Whitford","rckmv6","-36.945517","174.964733"
"yssquunbFn0oY32z4bopAgZ803Qqav8L","christchurch","NPD Wigram","rb68q8","-43.546728","172.561621"
"z0YMDyqnsJi8Ji3sspfFC4swt5wrVNHc","auckland","Pak 'n Save Westgate","rcknt2b","-36.821114","174.6063639"
"z2cpwJ0GW8KvC3GPw8OOF2jBytaQjgWk",,,,"-43.544054865259","172.5678834312"
"z71zYdtlEfBqgaxWMpjWgp3LB75f3nrJ","auckland","Gull Bader Drive","rckm9v","-36.969227","174.803983"
"zF2iOzvuo5gsj6NtBRf3CW5RgcUtLsJi","wellington","Waitomo Johnsonville","rbsm9","-41.218253","174.807252"
"zHx5n7aUE8Ci0mDkOJ2JnIHvQp8hLWQV","christchurch","Mobil St Martins Garage","rb6b0v","-43.5631508267","172.657680754"
"zKnbx4IDQMcfWvsMDiClEUHVqLErtT3J","hamilton","GAS Patetonga","rckg0","-37.399392","175.46754"
"zLnjip7a23cbmdzppACkiyEdjyJwuxDF","auckland","Gull Saleyards Road","rckmf6",,
"zepDL3O8AA3XFk3RuOEpW7J8PeYGx2Wh","wellington","BP 2go Newlands","rbsm6n","-41.2297125959","174.817368716"
"zgSZQlX0aJyEhYQJhKs27iS51SdJ08OM","auckland","Caltex Western Springs","rckq20","-36.8679343414","174.728187724"
"zubb6MUNqIRuCilC3oRpybOOqK0jodJ3","christchurch","Caltex Rangiora","rb69xk","-43.3040976376","172.5898151"
"zzJmk1RaMFy5PE0XDNMzJMb0dMQUrSVK","auckland","Z Sandringham","rckq0m","-36.884932","174.738956"