id,city,name,geo_hash
3yN1SqU4lnrAu5gvRidskWJx1QhLMkrF,auckland,Z Beach Rd,rckq35
emOuj1sP2OLZgFZquSs8QNlp6Y6qAz03,auckland,Orams Marine Village,rckq2t
JyiI6deAlVsgAWGfSHopq5kXrDMj0H1J,auckland,Z Ponsonby,rckq26
ydJA4DmrnNXZAO0Jl1B1dvBgjPpYHlaO,auckland,BP Connect Fanshawe Street,rckq2s
EKxLlqeV16tzzGZzmJBR5F2dpYagRnMP,auckland,Z Royal Oak,rckq10
XWJt4UjNGA6nN5LEDwKqQKaD3Hfa5tUF,auckland,Gull Kingsland,rckq0x
XpDvFClH8tvK6acCsoHnlNKVaz57iqrV,auckland,Waitomo Epsom,rckq1n
bbDLv8pY71RqHhQFzzBroKKTVVqqBgfl,auckland,GAS Dominion Road,rckq0w
KPLbvUwz5ZnjOlE7AG22wMVMRNGFY83u,auckland,Mobil Mt Eden,rckq0v
is1VzZfShzwoYUBjKeSkhTkQRZXWIFry,auckland,GAS Mt Roskill,rckq01
JFxsphAF0U8eyhSWuxyHLKw2b0gsOrUX,auckland,BP 2go Landscape,rckq0d
eeTATCNRwgqMJYAFNFiwFTQg1R3zc8yp,auckland,Mobil Mt Roskill,rckq03
jfrZrF8wiVSq0zqSwlAYduxidNTI2a3i,auckland,Caltex Dominion Rd,rckq06
GCRPVM4k0PhSg6a3W4Tn5DcAMXMtJQK7,auckland,Mobil St Lukes,rckq0j
zzJmk1RaMFy5PE0XDNMzJMb0dMQUrSVK,auckland,Z Sandringham,rckq0m
VJktaiiAumsjUBFvFgMp8zDJX3AGZ1tT,auckland,Mobil Mt Albert,rckq05
e3rxQk6yAvENILI8RGTW1Mvw4FAn2JwU,auckland,Mobil Dominion Road,rckq0k
RLqgN5A3ASbJBOmqvprPBUbLjUcBv5ig,auckland,Mobil Epsom,rckq1h
8K4okGWGHGADDlN7U3VbcvyvMUUEjoMm,auckland,BP 2go Epsom,rckq15
U4bp1wAZ0Qst5qD6pFkbVyWeyIj4HPlY,auckland,Mobil Eden Park,rckq0r
OqJwFbjWT8kBpBRPyHvx6HipRZzoJTYN,auckland,Mobil Blockhouse Bay,rcknp3
IiekTKig6HnYKwyTjzaVlBbT3QyjdGHo,auckland,BP Connect Waterview,rcknpq
uOtlZaOJMe3g6SJYqcoyLG7TFRu1NTQw,auckland,Z Mt Albert,rcknpy
IA3bK7OotnaKjZVansapqxjA8g6ZLSxk,auckland,BP 2go New Lynn,rcknp1
izfBAqJT5bQAtGUJKyCM7wW40Qytvp5I,auckland,BP Connect Mercury,rcknps
6k5otRIWlLb7KmCnVtAE0RROu03oThAh,auckland,Gull Mt Roskill,rcknpf
yRS5NFpFb0emfSDYOKaYuq1h8BXgdWbZ,auckland,Pak 'n Save Mt Albert,rcknpe
7li3riar2dt4hZtRU0DlpM7CUYsHa6ZM,auckland,BP Connect Newmarket,rckq30
Pk6NLnv0ZorXMicNYivQL7vr3wTrhlFq,auckland,Mobil Avondale,rcknp6
HJuoNzaLjLk8uxdK571fe8G3kf0oUNj5,auckland,Z Avondale,rcknp5
nyrw63zHOaiXzuXMFzNfhG8LRiIrKYGm,auckland,GAS Mt Eden,rckq2b
m0M8zHHvAfnHSayAh5ajnWaTKOIgEUfI,auckland,Mobil Titirangi,rcknnb
R0AW6Z0RuQSZpO0qCQJU8eNqNeuVoMnc,auckland,Z New Lynn,rcknnf
zgSZQlX0aJyEhYQJhKs27iS51SdJ08OM,auckland,Caltex Western Springs,rckq20
iGNJfExPh5dEMTXpMKOVNFH3TpFZb3pc,auckland,U-GO Hillsborough Rd - still under construction 7/4/25,rckjzy
K3bJRz1A07zIKQl4qbLVkeEWMDqNzITm,auckland,Caltex Blockhouse Bay,rckjzq
w2mSvGMlU4aBwhB6iOH6egJScnZTrzzK,auckland,Z Green Bay,rckjyu
Sr6rw14niy1lCNYXqta6UzFxZXZnEpyQ,auckland,BP 2go Hillside,rckmbt
vLIsgnRzOOf2w1r8UFnpXE5ElUqXaDjA,auckland,BP Mt Roskill,rckmbx
7GxZj3rf4yoJl5LnEOJ8vDP5mbstJWrG,auckland,BP 2go Jervois Road,rckq2k7
RyfVikDp4vIHeZG0DO4VdFuSeqnzMrL4,auckland,BP Connect Herne Bay,rckq2k8
dB0fry2N4oIcy1LY1Fx7OUWw1amSEJIg,auckland,Gull Birkenhead,rcknxf
5vGqlCbLvBHIjH7MVReqgGNwaLLvzP6M,auckland,BP Connect Birkenhead,rcknxd
Gl4kchE5JR4bOLRkmBTrbtkOt4UBX3Bn,auckland,BP 2go Motor Centre,rckq8m
ei0fVfWwpfuVPvSSowKISXBKVSIkoeag,auckland,Mobil Verran's Corner,rcknxe
LKt8ffEL67NAhdwtYlTp0RTg5glyfrlR,auckland,Z Glen Park,rcknxv
7vJWQnMsUrFhfVNpkBffv63NsM48r2I7,auckland,BP Connect Clifton,rckq9m
jsVjKAnixxz3EmJ0NJDiJUwXkwyopSqY,auckland,Mobil Parnell,rckq33
8lwGK3XNu4URmA2PtikmiM5S6M61rQkA,auckland,Mobil Karangahape Road,rckq29g
A5aeoOQz0E2K1zXTrrdGfPTmcFxhVcKp,auckland,Caltex Newton,rckq29q
TQDQx8yUu8cMpHQQCKMEpMNTQ2ZAbo4Y,auckland,Caltex All Seasons Energy Centre,rcknq1
AsvF0csoWXcoUxNKRv3SUyaRpd74B7yI,auckland,Z Te Atatu,rcknq7
V2SUjK8gUjNXnMIzMPosWqJ0BXVGi6Ee,auckland,Tasman Fuels Kaurilands,rckjym
jNq66lvOa1w5jKaNA8QIxvEFPH3jVqbn,auckland,Gull Titirangi,rckjy7
lkhdWc8OJbrRAvc4ZSdPpziujCnSTysq,auckland,Caltex West Coast Road,rcknn1
RZfR6d6xRtr2zR7K8ezv0eXfPfytWso5,auckland,BP Connect Glendene,rcknnj
jQ4u8QsVDV6CkLQlRVOPbM5SDHoFxczb,auckland,Mobil Kelston,rcknn8
k74gRXeEgNz3Rinufp7VO68I7SMwoAaF,auckland,Mobil Glendene,rcknnh
f85GhZlyP8bGMKujiWyhtKEQoSySsE5Z,auckland,Z Waikumete,rcknn6
CFJG08FpDA8SryBJnMsdaVa8uik7x6Gk,auckland,Gull Sel Peacock Drive,rcknjz
n7ZojzqOiLw5QMLVQipB0ICvCJ4drilu,auckland,Mobil Kenlock Motors,rcknj8
Axxr8pIgLfPRIQZFnfbDSNGCnyIcaflH,auckland,Z Henderson Valley,rcknjs
0wo6lMw0t3x2tbsQWvYH3f2BLqdzmTS7,auckland,Mobil Lincoln Road,rcknmg
U5FutYr0FhcnEPPIxMlXff1JgpQQindK,auckland,Mobil Henderson,rcknjy
iiTF7a6Mm3zFff8TqwbdQp3PuUU6wxd1,auckland,Waitomo Henderson,rcknjv
6p5GGyUptlKvWYPfBRaant0VdBUEaQft,auckland,BP Henderson,rcknjg
qpF1FyH3H43immHzcNY7c7mDAGlfhMMq,auckland,Mobil Royal Heights,rcknmw
d2htEopuK8gLDvOuQCM6xS3yuVJr0Uds,auckland,Gull Henderson Valley,rcknje
rVkAZiVDEpRz4QsTMcCOOTDQJxhTtgk0,auckland,NPD Swanson Road,rcknm8
qFWGUQ6Namx5Hx11aAfcuReRcFh1pdge,auckland,Caltex Clark Street,rcknp0e
JCxSapx32KYPeT70rghAT6eqyodlgq4E,auckland,BP Connect Junction,rcknp0v
XbbpjqfudWRIMc36qzUhvipV5aK4BN1d,auckland,Gull Portage Road,rcknp0t
DcLknBi2Huhox8e5mFFEPZj6poF1zJyU,auckland,Gull Glen Eden,rcknn2c
QPA3DBmfHvmWyOlPKBEzLV3UQkejdj3X,auckland,Mobil Glen Eden,rcknn27
hfkIoGcmbAEEcRsnrq8vU8Mj2lbGeEBt,auckland,Gull Rosebank Roundabout,rcknnxw
2i3XJtbqZ78LyYsNSlE05enZxxbgI3or,auckland,Gull Rosebank East,rcknnxq
caYOCD8k28vr6Jlab4VyU67Gja1lMpbV,auckland,GAS Albany Heights,rckpn
w3pUvBYusK6L8L0PgPQhwNQBcD1pnQD2,auckland,BP Connect Larnoch,rcknm3
ofVtayxucDGJk7Va71JOGNRF3KFXcwjZ,auckland,Challenge Swanson,rcknk8
wcOlFz48zhOvFjmpe7dum363uZnw4qik,auckland,GAS Swanson,rcknkb
M76PKSIeCFDAALnb2vvaEHkgcubzA5dk,auckland,Costco Westgate,rcknt6
Lx7f2F0CoBMYiGU8jDsqrjQmktO3uvZ1,auckland,Mobil Swanson,rcknm2r
GkVbdNRZSlbxSCGSCSY8qVN1GclW2Kvv,auckland,g.a.s. Brick Street,rcknm2y
OH5fNkaDihGaebIhAoVKMDWuNfF4j6ko,auckland,Mobil Don Buck,rcknmnq
De1g8bbneQvAWbzaAimWB3X1Gt2BPvzx,auckland,"Challenge Massey, Auckland",rcknmnx
GPWxnR636PkPKzVTVVqhkCl4badEWH06,auckland,Z Massey North,rcknt2f
z0YMDyqnsJi8Ji3sspfFC4swt5wrVNHc,auckland,Pak 'n Save Westgate,rcknt2b
aPwUdW7U3iVwf3xE2EYJtf3KhqErvimq,auckland,BP Connect Whenuapai,rckntq
FlqkDRFOj3Kn5lra5TDSCDUOj1xmoyig,auckland,Gull Whenuapai,rckntm
X3EHnXUHRzrhXlRdbaH7MbnckiDymtSB,auckland,Caltex Riverhead,rcknug
hqIVoTI7NtCjLlasGA2pu8DoXfiPDjEH,auckland,BP Connect Hobsonville,rcknwh9
TouIjvQ88rIcl0LpIKKfEItvHW5RRYiQ,auckland,Gull Hobsonville,rcknwh0
lzkKQuoNa0S3px4wnXcPYPHgMJU8wSOc,auckland,Caltex Birkdale,rcknxq
F3YZZ3eEJ2qduDonkKOvSY8fJWRlISnp,auckland,Gull Albany Highway,rcknzk
6GdrX7ftjzKn6VCk0g3T4eQV2ehZ1nTs,auckland,Mobil Constellation Drive,rckqbj
3TtnRtfd1SAK1gd5ymm1RByCbnBKO3GG,auckland,BP 2go Target Road,rcknzg
OxqSunGdIC6xtfkvlk3I32d78M6XnF1Y,auckland,Mobil Glenfield,rcknzf
XcpLiKdzlGgzXLxSJnkBAmgMbPMRzJEy,auckland,GAS Chartwell,rckq8p
xvryGZGhH1zVlsrNM3GueIM6HZSEbDD0,auckland,BP Connect Albany Highway,rcknzq
vMa2WIkRqXm0usTpfSRYYqkJOtwza1pK,auckland,Caltex Albany,rckpp9
OF6FCqbPrOBsv0N3FI4ZZZW0GAYpwaa5,auckland,GAS Pinehill,rckr01
hZjlEZr2qEAzmzc2UOcQyI4qhHddkde6,auckland,BP Connect Rosedale,rckr00
C3zdmD2bLW2eYnkzMGqdL1VMtxe4Zf82,auckland,Pak 'n Save Fuel Albany,rckppd
Xh5zPUpGgYiYcQzc7kAZSy3VlXSzYMd7,auckland,Z Albany,rckpp67
MWcWVE4yDZHmqajKMXTfuFv3MWfjum5U,auckland,Gull Albany Village,rckpp68
3KzHKt3txvMlgZefaekWkxPdj6H7M6ct,auckland,Mobil Oteha Service Station,rckppez
jVMbBZ6qdZ8g5uFJcQmuHBrMS6mdqThh,auckland,Caltex Oteha Valley Road,rckppe5
Gfq2TqzFMO4HkWUsnZ84diSWmH5mmopb,auckland,Z Greville Rd,rckppcqr
BsNssq0DnrjdAQnMAEwjOxikgoXP4dtL,auckland,Gull Greville Road,rckppcqt
sdbMOwbQQ20shvdnqoCMAzVIYexGQP1g,auckland,Caltex Browns Bay,rckr07
Mp1KlZAkNxNFcbmgERCAWcHkxpkv2YDC,auckland,Z Northcross,rckr0j
dHP4VvG7oew6A5FhyDXqp2AesIHVaLNJ,auckland,Z Mairangi Bay,rckqbx
Dc5pW2qxjj2gNqGy1ElKYPO3Dq02Gdop,auckland,Gull Torbay,rckr0x
GNox5HVMUiKWzcd4QRtkMYdDRLpYFWH5,auckland,Caltex Constellation Drive,rckqbnq
dN080SDff1zBmFEiEkFs3c7idaCoX6aQ,auckland,Z Constellation Drive,rckqbn5
SpSZ3aIiuzSXKsxacAsTwG3KPUKOUHZP,auckland,Pak 'n Save Fuel Wairau Road,rckqb2
jg7i8BuSCa5li00XYpUzWRWZmLNPHVsb,auckland,Gull Forrest Hill,rckqbs
N8fQxwuQSrB7CWFpkUqz1SSQsyT4Pcs1,auckland,BP Connect Coventry,rckqb3e
mvhD7HYka0tHfBvz6faHGYOTNWQLtbtq,auckland,Mobil Red Beach,rckpx
mKSojcMrfeloW1nskuVsyqTdYwPEJ3X7,auckland,BP Connect Dairy Flat,rckpq
dS7t7rADODis685RdfXVSXQQpi5dNWTi,auckland,Mobil Takapuna,rckq8y
8PKubqZ1UNJpc1SpQqzEqj61qdX78Rei,auckland,"Challenge Milford, North Shore Auckland",rckqbc
xjyd5GPOXG8bcLRm8sbIgWKujCK7bGV1,auckland,BP 2go Onewa Road,rckq86u
I7ITt3JGDWIrIaZoshfOQluytjz5ROkJ,auckland,Z Northcote,rckq86b
nNUFKKIDUTbfwvOHczwGWK5wG8P6iO4y,auckland,Mobil Sunnybrae,rckq8qr
7h5KGH30loo5gGWGSmxEGmQgqcbu8uru,auckland,Z Sunnybrae,rckq8qp
JKRbNj0sWRzf21tGGLrjezjt6q1NfDR4,auckland,BP Connect Smales Farm,rckq8xm
EcDbnPYcvIfIldGJKrOJnvmw1rgn1AtF,auckland,Gull Takapuna,rckq8xp
TxbFErIaMRXDabaeU2A37Bg5S2QUAin1,auckland,Z Lakeside,rckq8xq
WSRtON707TLVJwB6QCNTEN2WWMirFWKx,auckland,Gull Devonport,rckq9b
HNDmELRrf70ssUZMTVYZNj3ZU7hnQzHy,auckland,Mobil Greenlane,rckq1t
FUWhKgvs3rlob608vqhsS8WIXdPpU1Cd,auckland,Caltex Penrose,rckq1c
JD31bHSLn1D06n8elbqVdNQZvBiYbMGM,auckland,BP 2go Ellerslie,rckq1f
bKy0sicj8kuKiDghVzCBSvr5CqSyoiZg,auckland,GAS Station Road,rckq1b
mlDxrpv36FPO71RcrqDOkXf3R25bKNi1,auckland,Z Kepa Rd,rckq61
tRYyKDKv13urngPlDHewJnovoj26E2RF,auckland,GAS Church St ,rckmcw
idKIQyeXH6eplvtpAMaZzSJpS2MepKh8,auckland,BP 2go Mt Smart,rckmcz
eFvbNODyjqm7kpPIj4GPu3cNtCzhzuIo,auckland,Mobil Onehunga,rckmcm
xogZKCkFU45Z3LP8cgOqXIUAGHL4jzHq,auckland,Caltex Abbotts Way,rckq4h
J6ZMsaKhZRQNpgZMANnp6BXTmbleHUsD,auckland,GAS Great South Rd,rckq40
Mk71Z1671Kc208rO6fqg876HDhM26OHr,auckland,Z Ellerslie,rckq44
8BwdvIIQ03xCWELAZgEtzmnJRLMigSaD,auckland,GAS Mangere Bridge,rckmc7
zLnjip7a23cbmdzppACkiyEdjyJwuxDF,auckland,Gull Saleyards Road,rckmf6
7mGfQvhQyd6tRoWtTyVlNwdANonKH8F2,auckland,Mobil Fuel Stop,rckmf7
5xIQbtMswCpv0WcgHpoM7FddLgTHliD0,auckland,Gull Marua Road,rckq47
VNWHaQIWW60SDoFW7hzPAwsFZSMtWbTT,auckland,BP Connect Lunn Avenue,rckq4k
FyPCapx7X7HcqT6ro3kBT8jkb41vgjhs,auckland,BP 2go Meadowbank,rckq4q
qKG0Tm8qL0yV8yge1POY6hlATzwGYEah,auckland,U-GO Waikaraka,rckmct9
Ggg7EoLXaV1N4WLFvsg6kvsqJROzpWZv,auckland,Gull Onehunga,rckmcty
SVgxO25j0JMtDNDigB0oO2eQ8LGIox7i,auckland,Z Greenlane,rckq1s6
iRWouheYFHo8O2iKJvukFnweJkApBpAy,auckland,BP Connect Boulevard,rckq1eg
mH2cURf4l4QazlutMkfEFJoqk3COqEsP,auckland,Z Triangle,rckq1em
gwFdsfBgi3aHSgg141aGbAPum4K3ZMPT,auckland,BP Connect Greenlane,rckq1su
Z1JBY288YMHwBMGliMdwPpBM1Xugecr4,auckland,Tasman Fuels St Heliers,rckq6c
D3PUSgiq63PNPCGuB1g86u3wRTN35meS,auckland,Z Sylvia Park,rckmfw
oFnmZwwh2UFeNsZ6TChFCWJpsXCG5ORO,auckland,Mobil Mt Richmond,rckmft
lmVlLQROCjQo5aFdeIpZgWYIfDHZ4blh,auckland,Mobil Mt Wellington,rckq49
lT2vbRpPTFz6pedW7x4u37eUlcvyQy4L,auckland,Z Panmure,rckq4e
CxDYGY3G3SI46bk1gA2C4RPyCww7vrm2,auckland,Caltex Sylvia Park,rckq48
h7uyzY3QAdq10ErDtFqprG77L5BwiXjG,auckland,Gull Carbine Road,rckmfz
MXwTcWt0KipyfrMDfvVKBKR2bizetU1O,auckland,GAS Carbine Road,rckmfy
PpaQsvMIlINohUp5b4Lk7Ee1N6vZ43KG,auckland,Pak 'n Save Glen Innes,rckq4z
Wy32SYeyWM1K8PDFqSVUsOeyInLgu64b,auckland,Mobil Panmure,rckq4f
bjQd5iF2HoiJAdjChZbNkegeIi0DYdUl,auckland,GAS Panmure,rckq4u
4qUwywqT2vGuzo1AOk6qRWJp73VRdao2,auckland,Mobil Otahuhu,rckmfd
11oX4W3LIJximdZbs1RczYjvXhLzqlaa,auckland,Gull St Heliers,rckq68n
BACTv3dKPIeSUwXHVTF4XhDo2LMupveJ,auckland,Mobil Clearview,rckq68r
8sBXILfzFdAqKqKakPBxawUa5k8RdPEP,auckland,GAS Glen Innes,rckq4yw
2tn8JF64cMzG1gcrdMezsLwgYoVBczAa,auckland,Mobil Glen Innes,rckq4yj
hLl5U1uweUar3ZoD5iqFXNn2Q7H5bGtM,auckland,Z Glen Innes,rckq4yt
kDRLqlIzpTuKgQZWFFySztsdqjMZGTpF,auckland,GAS Pakuranga,rckq52
OMwj10GSQCBbucj0tpPcure3xn8HfdDF,auckland,Caltex Mangere,rckmf2
viABI11H63XfWFIuDbHst4xj0REbY5WB,auckland,Caltex Monument,rckmf9
4iMGeMJyaBNkn4StpJTt4XyktHJQZyFL,auckland,GAS 628 Great South Road,rckmfb
AtuXUpP1KpVZztkCbAXsOQGRf8ABqMyK,auckland,Z Highbrook,rckmg7
z71zYdtlEfBqgaxWMpjWgp3LB75f3nrJ,auckland,Gull Bader Drive,rckm9v
jK3tdnS5uliUfgI1vLsLwbfMsedXpYoB,auckland,BP 2go Station Road,rckmdt
ROIx0nSqGCTAEp6BH7tTz3Du1rinpWHR,auckland,Gull Papatoetoe,rckmdz
FXJbve2jR82azf6JwdJPlblgP3qNfGQO,auckland,Caltex Otara,rckmep
52viIXmtg4gwMQtRUiTndNk3ZxSK3zsO,auckland,GAS Mascot Avenue,rckm9t
heagmCt3oHRVgaRrR2qTojhhw3VyOdlN,auckland,Z Tom Pearce Dr,rckm98
iAOOqyywkJT36lkJNlsqcpv8z0qcxpmp,auckland,Mobil Mangere,rckm9s
slwTLJt3RzrfDE58OV0VvSryJHHgvWCD,auckland,Pak 'n Save Mangere,rckm9w
t6mKYb7XKTAULuB6E7o6kA7TS6BAQTMp,auckland,Waitomo Mangere,rckm9k
kvYWlqKxOoxmCotO1UodIsqC1hVmPaT3,auckland,Mobil Walmsley Road,rckmc8
M3wJQEhTfAbqruy18XvHrYXlcBKZfRgg,auckland,BP Connect Mangere,rckmc2
bCk0340ojiKZQkKH7qnxutbZDT7DGylx,auckland,Z Roscommon Rd,rckm6z
tP0tFnRE6GliYtqbTinXXhkHyzgl5FUc,auckland,Mobil Puhinui,rckmdc
bELtSJmdiJIvYWPHq2oKFegeQRfqs3yI,auckland,BP Connect Cavendish,rckme4
btoeAgB0fEvEnCEVMIizQSXZ8jOJRP3f,auckland,Mobil Cavendish Drive,rckme1
6LgIH1meDegIeVXqG0YN5Xipa0ie0SYl,auckland,BP Connect Massey Road,rckmdrs
vhoq8HkHC2nzfamEQZmiVKYns8EX6HNz,auckland,Gull Massey Road,rckmdrv
ivVK6GyQjaiXOnINvBKOkK6iEBnSR1sY,auckland,Z Otahuhu,rckmfeh
8Nw808rND1BxWSYBeFLZBf8KzL3qGpE3,auckland,GAS Atkinson Avenue,rckmfes
xCOOVAEpi2D3G7ALSxnKuXqjiRCJ1BXm,auckland,Caltex Papatoetoe,rckme7
UHfSug0kZzBpVb7UlzQJJJYKVLnxDVPu,auckland,Pak 'n Save Manukau,rckme6
c3lYRfylP5PDxUowOjtLTU1gqz3lMpEF,auckland,GAS Pembroke Street,rckmek
T14vbP7OIRcVqW4SC6CWmfmcaIWrAT55,auckland,Z Hunters Corner,rckmen77
LAVanAHAWxI8UImbxlSuyQwBvnfjnfJO,auckland,Mobil Papatoetoe,rckmen73
Toncu5HZzKHXrtCxas6k7kxmDgPg1iEm,auckland,NPD Otara,rckmerk
y3WHYyTOVqlLUX1Dxp0tI5slH8Q8CGcE,auckland,Mobil Otara,rckmerh
Jf3w5bx4QFO65sFAFcNQeJiBBwrpcFLC,auckland,Caltex Cavendish Drive,rckmed
Bi8OLFMemi1l6KQnIJQGuqaloKEbu0k7,auckland,Caltex Springs Road,rckmgc
NNLEWcazRCPtk7mPkkTFfygUFJ3PLwC6,auckland,Mobil Smales Road,rckmgf
MWzfQzEDc2npILTjhuSkikppIXDlDUDJ,auckland,Z Te Irirangi Dr,rckmeu
VmeWYyz3JtGPan4oTM8hNlqfDuQqynHN,auckland,Z Lakewood Court,rckme9
LqzsddseXuGPLSNisG7c3WjiDfNEQiou,auckland,Z Ormiston Rd,rckmexr
aWWYcJr7gemDdVj0XV74DrvwvJJ8fBgW,auckland,Gull East Tamaki,rckmex7
Nrr78HyJKiJUExjh0sqaUsFcBhtMxHDK,auckland,Z Botany Downs,rckmuh
NllCSJbgoQwDYzZONCXtNnJbGPCbTwXh,auckland,Gull Te Irirangi,rckmu1
w80YHrAdUUSjJr3BdzwWTLh7Owa0KrPQ,auckland,Mobil Ormiston Road,rckmezj
RpKhXTWkTXemgDuf4OdAU4mWem3ZBHsS,auckland,BP Connect FlatBush,rckmezp
c0MhNx4wqZg5FbkWMAOLSHgmCFbYAfDI,auckland,GAS Howick,rckqh9
kRAuw0oi3MvHUlK24cFcXOA5jzT1e0Hb,auckland,GAS Cascades Road,rckqh0
wa2JUj0WCdctxLtej1FsYcE471KAsnss,auckland,BP Connect Ormiston,rckmsq
PAhgk3umOrKyGtr4rjP8yN7gx2iWHvvc,auckland,BP Connect Howick,rckqh7
sN7Ztd20Pt57V4PTzhxJXhgHIRWG4xkM,auckland,Z Pakuranga,rckq5fq
Bey7TseXIdgEnXFVi3kCXVYAwVYtPRcz,auckland,BP Connect Pakuranga,rckq5f5
d1ZkYTqLtdezGznLNqxwp7jQXkKWwjoE,auckland,Caltex Highland Park,rckqh4f
iWpFeOUhs7CbFBoJX3rsIOXIdPbAlD8m,auckland,Mobil Highland Park,rckqh4s
gTyDOBXA6ousnrzLetFoUkf1ouTOjjfY,auckland,Caltex Somerville,rckqh8
yddFJbmkwlmLlnnd1GkleYVPSAZerkYr,auckland,Z Harris Rd,rckmgvh
Pk5XnXcmSv68x3FDWtBCFRcXuOYjsTxt,auckland,Z Ti Rakau Dr,rckmgvc
nRTxRpXa4SiQJ8TbSFTF41O34i8Qjpng,auckland,Pak 'n Save Botany,rckmum0
enqcAd0xyDWpDONfALb4OSaEGb43KgAL,auckland,BP Connect East Tamaki,rckmum6
ypgDmrrcRPIsrK3XYHBGFjoRtiHqssGN,auckland,BP 2go Whitford,rckmv6
FwHkhyYKxsJeWFfd8pnU6h5uBhX5JhjT,auckland,Gull Murphys Road,rckms6
cKriQ3JgBHAUHvtyBPGmLEQa4WSrejbs,auckland,BP Connect Pacific,rckme8
vS6uidkB1clA6E833kIxGILEWtHscNa7,auckland,Mobil Orams Road,rckm7w
bkl4aTa13niYpACmHlryL2RmfKnRjaHY,auckland,Z Manurewa,rckm7u
iTyPJaKDEc48KIG2mmilU42RYx8Sci8y,auckland,Mobil Manurewa,rckmkn
FfSlvWE0GtCrEm1RZqbAFEbbFN4FrHRL,auckland,Caltex Leabank,rckm7e
WFucBSR4ekmHQs46rxVlGFvpfbKdB8eF,auckland,BP Connect Weymouth,rckm76
8R0pwIKmJHMdBkAvGCOeQ27C3JBVMJpU,auckland,Mobil Clendon,rckm74
bX7FCaV486tABxFDU3Kr5K6Gd35oggON,auckland,Mobil Wiri Station,rckme2s
SH8BUyRUhcbbWnwLML6WzoYPPdwkh33I,auckland,Z Wiri Station Road,rckme23
EFayp7AAVUavzyPhtGg4d0jCssMsSoGc,auckland,Waitomo Wiri,rckm7jc
UaI5CXk2UpmqaMslMHt04vLXhOIEDsTB,auckland,Z Browns Rd,rckm7j4
UE2BupXmziALEvPUx7oe3BRzHlTQ51LH,auckland,NPD Wiri,rckmdbu
WnXILZqkodl7G61zMTBGlasgWEVXu48G,auckland,Gull Wiri,rckmdb5
WpZ4AJGt1ouNE2sigemBqnKPaPcXVAyF,auckland,Mobil Drury Lane,rckkv
3kJ3uOjlC5gRQZHGYYCJIRpumBaTe0jy,auckland,Waitomo Te Hihi,rckkf
KN5O5PWHrgShL4pSrZkUhn1H8ntxJn5Q,auckland,GAS Maraetai,rckqn
CkCrIaYy47CEHVG0ejbSV5Ak3RcuQtDs,auckland,Gull Porchester Road,rckmk8
Wlc2yRd1XFuq5gsnzI41QEF8vb5rEiL8,auckland,Mobil Porchester Road,rckmkd
48Lgk0W8GO08o1ZakLoRO3udaOY0DqqP,auckland,BP Connect Takanini,rckmk3
vQho4AeQ2PEuvWo02jCcrAS6TJ71Xr1y,auckland,Caltex Elliott Street,rckmhu
pGPh5e0NSi7TBraK8NoEyclAtGorEWix,auckland,Z Papakura North,rckmhx
P3gC7TxkFSrFHPMq6Dvb7XycNh88l8nV,auckland,Z Karaka,rckmhd
1uSOLvtDpamGBuxBMiTLn1aIZUZ0ewp4,auckland,BP Connect Papakura,rckmhb
rxThHmcMa2kWkyrCgw0NTd8KfFy1Ud5g,auckland,NPD Self Serve Manurewa,rckmk4c
T5CpraciWt3PI2YGHOhXXQmFs7815aLP,auckland,Gull Takanini,rckmk4h
3vW5JIODBbJiBw8T2UL3kIhXr2mPxzxY,auckland,Gull Papakura,rckmhww
lSQ7CC63IX8AiOzHF77loFxYIm8JdRmz,auckland,Pak 'n Save Papakura,rckmhws
K8R6HXOE1wl44YgfIuwgUZQZ3hbhDjvU,auckland,Mobil Papakura,rckmhgt
ItKugUgPxPEacsBAB4allMx8JMQppqU7,auckland,BP 2go Opaheke,rckmhgj
kOGAaQqgSAqrkTOL6klhvBwLDU0usrUU,auckland,Z Kingsway,rckmjj1
4V0CrDaZolfZtjRqPQ7jciVqVkc81O7P,auckland,Mobil Grove Road Service Station,rckmjju
g1idkA1SEtZSFkVgnETj5ObgzWDwmf0p,auckland,BP Karaka - opens 6am Wed 9 April,rckke
vJw47fT4HEScwovs5Oe1A6zzRiPXVqnL,christchurch,Z Belfast,rb6bb
O5mRxVaDlHdKxBhapgfvqJEUAQEWp8R6,christchurch,BP Connect QE II,rb6bd
5GoP0g6831PfGlvjPx3GpxopaeX3WZZr,christchurch,Allied Cust,rb69d
F5c40ows0pApAY320TmpD40V7ZaoIzEZ,christchurch,GAS Ohoka,rb69r
Kx77RE0RKtNcTAHf6uBaW2SsEa3cvlxS,christchurch,NPD Mandeville,rb69n
b1j4SJCUu1bcZ78IVvkXNucdwkgLlzPf,christchurch,NPD Sefton,rb6cc
tzGsAwxg5m84oxeRIxH8a6pqxbWjBEJP,christchurch,BP 2go West Melton,rb686
RjyiraTYAvfCAEl5jIiRnAgwQblad0oP,christchurch,BP 2go Redcliffs,rb6b4
kwejMXC1HBFu1gNvMtq6lnfiuku6sncA,christchurch,Allied Rolleston,rb685
rmldihYuEzgzkZUzaSjsg2un7Je7xoGa,christchurch,Challenge Lincoln,rb4xs
oeGuGHm75OLanMj8UBm1M2EIqFqyloFp,christchurch,Allied Doyleston,rb4x1
oQeUL02GkxMBMoCCrZR7SkHoWVD6GTRg,christchurch,Challenge Tai Tapu Service Station,rb4xw
xpLFKKRmomoALptDjSzmMJ35moXrRqYg,christchurch,Allied Little River,rb4zh
5BfAU8vjVS067Lnsxd4EnxjAgHqs514a,christchurch,NPD Diamond Harbour,rb4zf
Zu8KxI3jxgu42S57EDFsXDDSWVbLqHHr,christchurch,Challenge Little River Garage,rb4yg
w7iNHvPN1hLtjOcZFIycma8fwx1mxFs5,christchurch,Mobil Rolleston,rb6842
M8vbFlk4mwOkAF3PYOepm4WtksNjrYap,christchurch,NPD Rolleston Service Station,rb684c
voSbWzZv2kxZrN2tIybXxIEHi8R7f3m0,christchurch,Z Rolleston,rb68483
CSQkiHujPrZvmVpujmtAylXyXP0DTcKE,christchurch,BP Connect Rolleston,rb6848d
m87gtJsE5gQIEf4XGWP7oHIHdOtb8VKN,christchurch,McKeown Waimak Junction,rb6c0x
rEHlhSZMpxL8Wrt47QFrllsG6Ghpl5zm,christchurch,Mobil Kaiapoi,rb6c0v
FIGhXDa2XuNMUww3Rw8lUxq1fygDO5J3,christchurch,Challenge Waimak,rb6c09
jW5X6JBrzu1EBaQcgyHToB0N1Pi2SPpN,christchurch,Caltex Kaiapoi,rb6c0y
JXPiaNnruwQcOGI4U3BdvmxMzCYikmQk,christchurch,NPD Ashley Street,rb69xt
zubb6MUNqIRuCilC3oRpybOOqK0jodJ3,christchurch,Caltex Rangiora,rb69xk
LXLhmCFgR2QyzjB1W7VgQRN01igRUDsI,christchurch,NPD Rangiora,rb69x8s
NoT5J4o0kO7vkJWQtlpPT3EgvtOGNx4R,christchurch,BP Rangiora,rb69x8e
DFXULw2BjEey6gnEtCzU3TG10M3DEjD1,christchurch,Pak 'n Save Rangiora,rb69x8f
RwxydDlvjplr3tJ55FfadfBuDCUoLrlq,christchurch,BP Ravenswood,rb6c97
BvMfmIzeIv2dOOX6KQlIiceQgSnPRISw,christchurch,Z Waikuku,rb6c9w
XmKOw2BrZ1Vb0CfmYm3a6yyDFbBdybFn,christchurch,Gull Ravenswood,rb6c95
eMdLUpKfC0RrHK7gLCuNxIGTYhpMuZVa,christchurch,Mobil Yaldhurst,rb68mq
qyHhwGROZQE2NtlpSfsb6CzPkoT0GoKj,christchurch,NPD Yaldhurst,rb68mv
L4lO7HfLLBUgOvBFDLjmWX7rStnJhi7t,christchurch,McKeown Christchurch,rb68m8
LcDzB4ET4V2DZvZ01xHaEnE6NZUhSTBd,christchurch,Caltex Hornby,rb68mc
lUJRXKLglcNtgK1bUzSYS5nOqR75SUpa,christchurch,Z Russley,rb68qj
T65pkWf4QuZWq3kLSghnulLCHN8WzPby,christchurch,Tasman Fuels Self Service - Springs Road,rb68jv
1nX6p7xqUuMrLvA4ny3ZJON8IMEbslHb,christchurch,NPD Hornby,rb68jy
t3BjMXUjGluFp2H4oEQdboXq1VGvs17w,christchurch,McKeown Ron Guthrey Road,rb68w3
0Hf4wGsoECK4QOPIr0KoR0rlYIjP6mQT,christchurch,Gull Wigram,rb68nq
A04SN8DhaEixGpBjWqO3a1wKNwuWyo1x,christchurch,Allied Prebbleton,rb68j9
TarpTtIhhCh4OK1GNd2ynZHhLKfWK6WW,christchurch,NPD Sockburn,rb68q6
E46v0vPFrqVZfnAACFcVCjq2BRqF6LPc,christchurch,RD Waterloo,rb68m1w
7xPcBKYOriXVbBpKFVtNKxNiKShJ4V00,christchurch,RD Petroleum Oamaru,rb68m1y
juLPFZQJeSkkqxdLLtkFEDdYLNPguNfE,christchurch,Z Templeton,rb68m04
XngQjILmJufQoooZlbN6fZaYsqerTjVo,christchurch,NPD Islington,rb68m05
oBV67Hpoo01RROowRLCf3jcDE5Miuue0,christchurch,GAS Hornby,rb68mfn
wJA7wCWMTNnNNwXOgOE5TBXAZtpjqbmJ,christchurch,Z Hornby,rb68mfp
aVXFl4nhpCQEN6EwVMn7tEx3KjZrE6JK,christchurch,NPD Wairakei Rd,rb68wf
nGCVQWRIyUimHmKEi6EODKKrJhXNjR24,christchurch,Z Sawyers Arms,rb68wy
YR7MMdi7wcICCo1j8Fl0Zyj5tga4pYib,christchurch,BP Russley Road Truckstop,rb68ws
RCmFrt6dBf0v4i5nO2BeIBz0zYPbrAje,christchurch,BP Sawyers Arms,rb68xk
7S1CGvOFWQZqVEO3wmbloC7fDH3r2OSb,christchurch,Caltex Bishopdale Service Station,rb68x7
sABiRUgQcijvaIvcGkicyrif1qy55fh5,christchurch,Challenge Blighs Road,rb68x8
DWO7TNCsKYXzYt4xmCGWHiBgnrmVTY5i,christchurch,NPD Harewood,rb68xp
AXi6MzQcZJd3YziVjSLBRz28Rpx52B18,christchurch,Z Bishopdale,rb68x6
xfantB8SrbmKmqnnq2yxafNESdGjNqFr,christchurch,NPD Lincoln Road,rb68px
vCkBUF4uSpWBoQacClZVWHghxpfjysOf,christchurch,Challenge Halswell,rb68nf
360LSct55EaFJqNiywQ7ikik0cs1AEEB,christchurch,BP 2go Halswell,rb68ng
r213xd527BsBYEzf7uvcxjkSgIi0scIh,christchurch,Caltex Blenheim Road,rb68rd
26pIByk8Si4Q321jxb23bGuF6LQnWPae,christchurch,BP Connect Fendalton,rb68rm
HG6NLheFx4OYbPZqqUn3fL6lCS2V7BnY,christchurch,Caltex Riccarton Self serve,rb68re
86BPfIIN2OIPGwGDWcUESa5vcQeffoX4,christchurch,Mobil Creyke Road,rb68rj
d0UBbSq0xABXtHOyx1TTxuMJ5m5lmjRZ,christchurch,BP Connect Bush Inn,rb68r5
yssquunbFn0oY32z4bopAgZ803Qqav8L,christchurch,NPD Wigram,rb68q8
on7WpwLxZLkPesg7VbFwdNqHSl7fTsND,christchurch,Caltex Avonhead,rb68qw
xhVvZRXXk012zIKrhRjKK3t0tkYz7wMe,christchurch,Gull Blenheim Road,rb68q9
jTkTtnMmrM82PK2ziCMsipcMd7T5uGHu,christchurch,Z Curletts Rd,rb68qc
UAcdNqgVDGSGDGOjjJeUDeZKsl6PT5rG,christchurch,BP 2go Westburn,rb68qy
UNQwRtPaQAIjD6Rpio2pAVy2VM505vmE,christchurch,BP Connect Hoon Hay,rb68pv
MDeVPf50RpKpirI4XWw30DHEdnwjWUAa,christchurch,Mobil Riccarton,rb68rg
ZECWj0Ko7dp8mCoBBqJvQmRrlPWqPOMt,christchurch,Caltex Redwood,rb68xu
Dg18idNFzwWpCR57zfQD3NcL8DapmA2h,christchurch,Z Carlton Corner,rb6b2j
i3QKWjZVViAXVbUxNKdew4jUf1rdHkGU,christchurch,Z Addington,rb68rb
OxshaIgpe7owZEPxrRVWQ6V4osddxqy0,christchurch,Gull South Hagley,rb68rc
usnr1luwIxzxd6wgbFqtxCXFVMx7YXoW,christchurch,Z Bryndwr,rb68rz
UHTA5dfdxEEW5CIhQpTDGt4dwN4t1rSp,christchurch,Mobil Redwood,rb6b8j
vlQNRMae2dvZVX8yoKg6hKPKcn2iVVX4,christchurch,Challenge Milton Street,rb6b0p
rVM5xAkkPJgcLcvnOZa4ywySGz0HSJuA,christchurch,Z Barrington,rb6b0n
CwwmpXDbzmQ1zvWGctGdlUEA6NdQOY1K,christchurch,BP Connect Edgeware,rb6b2q
oirMPYK7JtJ5SRNovvEvxPOZJO42ozS5,christchurch,NPD Brougham Street,rb6b28
vJ1C7LyNK6AJuR1xiE1weUl8K5L5g10e,christchurch,Mobil Bealey Ave,rb6b2t
eBGVv5PEioSabOJU4hUMojJwaXxd08pc,christchurch,BP 2go Mairehau,rb6b89
MwCdBKcE8CrXrB6GxzpQCjJRhWtEyXy4,christchurch,Waitomo Cranford,rb6b83
jfJ72j7nF0WM0I1lXzSYyFNVTzIcCdLl,christchurch,Z Cashmere,rb6b0m
lA1BMdeIYaUNPpF5egwJpniuyUSscyJU,christchurch,Mobil Sydenham,rb6b0r
KMuomq0yW4YBpHowXoAK4TczhyF4Jvx2,christchurch,NPD Stanmore Road,rb6b2u
lZTiWxiqdAAkcZT5QIAMOe5lz3e0Wppw,christchurch,Z Shirley,rb6b3p
IWR7l4cLwJKKVKgUaKNwDozSZNHNIWKe,christchurch,Challenge Port Hills,rb6b1m
ANeOhAqBYL6VdE7IdfTTQOwJG0Z2hYLy,christchurch,Gull Woolston,rb6b30
AfUQFPC16ykJnFN3cs7Fr1v5EGQjVeJK,christchurch,BP Connect Marshlands,rb6b8v
bV2jerzIXtSxUwZexYgr2pDqhrruPRPy,christchurch,Z Woolston,rb6b31
qAGQVwi6uXsEQpw12XVBxTIzrIUQWp1y,christchurch,BP Connect Dallington,rb6b3k
Iv1kpk5HMsjcBIV2eAqfHEdofp4JCu2v,christchurch,Z Linwood,rb6b35
zHx5n7aUE8Ci0mDkOJ2JnIHvQp8hLWQV,christchurch,Mobil St Martins Garage,rb6b0v
Yz6D5eu2VikjbcBKX6qzkqBY0iWzXgzZ,christchurch,Caltex Dyers Road,rb6b3c
PY6pEUNjlLsqqKgJHciuG6OWUz1YLZtk,christchurch,NPD Port Hills Rd,rb6b1s
RqZFWjYoEOMqvbsGohXYyu1AAKckjktP,christchurch,BP 2go Linwood,rb6b39
opKbHTPzoScy2KquhjQroQzIKQ3HGBKC,christchurch,Challenge Southshore,rb6b6s
JRFjWX0sLkzcKxexrQ60U7yxVd7Yk8rS,christchurch,Waitomo New Brighton,rb6b6x
ycIVbyVRVlUnKivH8Be2ssh2OYYhVUqm,christchurch,Mobil Papanui,rb68xcc
bsrtYISlPmbqElsdNill660h7MhGpmHh,christchurch,BP 2go Papanui,rb68xc4
Zw8g8qIKFn8n4wsGQmvZnVkSaaIOqEFx,christchurch,BP Connect Moorhouse,rb6b21x
xquOs7MUcEhrho5qWUV3BcjIv0d7cXHa,christchurch,Z Moorhouse,rb6b21e
lmWddHDkn6YPlt7hEFBZO0nqcOFcPzV0,christchurch,Mobil Madras St,rb6b2dd
277hVvxbPwlfmCGiK3hkXNUF5KikNWEg,christchurch,Pak 'n Save Moorhouse,rb6b29b
5VHA7lJWds2NFVLuBlSfEy7ytM7VCO32,christchurch,Waitomo Fitzgerald,rb6b2dx
yUJuCjwJ4s6Ei08bB4sastD36QUDlB7y,christchurch,NPD Moorhouse Ave,rb6b29c
ycUxHu8jEaM8VeQurSWi5vxv0iDkdtbw,christchurch,Z Brougham St,rb6b2bm
PFXSocWHF4uxUgQ4bGu82XYBNlLzrsLK,christchurch,Challenge Opawa,rb6b2b7
hK18wCdAN8h6UYUsfpmONIVvAXQhj4Jm,christchurch,Challenge Hills Road,rb6b2v9
Ra7lEJrDyhTnl2jpf0yLvmQh8eYiZtfy,christchurch,Gull Stanmore Rd,rb6b2vh
ORbjGiBb3M0PGcga3SXh05YOXBw5afbW,christchurch,NPD Ferry Rd,rb6b32p
lRG7ov1cZppT746DiHFlfh8eLxcIum0F,christchurch,Waitomo Woolston Fuel Stop,rb6b32m
Y13iPPUr5PKvk7PqiWJ1TzZliFR3ie85,christchurch,Allied Wainoni,rb6b3wy
7aZuaOJmn4CpnP5SVKE3R1PQI2OKu4vA,christchurch,Wainoni Pak n Save,rb6b3wz
8NlRZvdHv2JZwH0KffHVdl0UBWbz40N7,christchurch,Tasman Fuels Pages Rd,rb6b3v3
8UipzrNSWCcOlb0ycrCS6rUtxTsEPdci,christchurch,Mobil Aranui,rb6b3vv
G2bClVVZ8nSW8R7AlJy3HQ1M5ELaT3Es,hamilton,Mobil Otorohanga Mitsubishi,rchwg
ckmqYcHJ6KdUjEhuRDh0Ntm6mKBRqoW5,hamilton,Mobil Karapiro,rckb6
TO2hrIEpYKMcDzGRePQf7TIcwTZASQmV,hamilton,Springdale Service Station,rckf7
0qIGnFVZCxiYSnuClVJhOTd0Hq0bGaDw,hamilton,BP Connect Ngaruawahia,rck99wj
diAWrxV0O4LIF3usvglPhe7PS6AuWWNF,hamilton,Waitomo Ngaruawahia,rck99wc
tKlHEF5mGJPsXY1kj7laEdEXprJxWYDB,hamilton,Te Kauwhata Auto Services,rcke1
Bms1RSeEHbWLVoSOzUt3fZg3YntSNMiy,hamilton,g.a.s. Tahuna,rckf9
zKnbx4IDQMcfWvsMDiClEUHVqLErtT3J,hamilton,GAS Patetonga,rckg0
bnthNef7ad0KLaFbwLNqBivKExIIxxnw,hamilton,GAS Hinuera,rckbr
5WVQMs1iozTjCea7MRStVPmszw7sdbzP,hamilton,Mobil Waharoa,rckcp
No0gyp6f1rPZZlhKrp7HOJKZz8rVJx6q,hamilton,Gull Morrinsville,rckcf1
LCdqc524wQno55z73w5TmYQKyApFlX4k,hamilton,Waitomo Morrinsville,rckccb
oDpYmNkqsaSHPy1zMmyGTPOcYfO1EDoX,hamilton,BP 2go Morrinsville,rckcf2f
wXHbpXrg1IyEcrpTgzUVIcbOx1UWbw8h,hamilton,Caltex Morrinsville,rckcf2c
JJdu74kr33vRzKKDjDpFJSPtBVVTBpoI,hamilton,Z Morrinsville,rckcf0q
NMqLtaF1YlHePUC1vO4Dmxqy5UviXLbc,hamilton,Tasman Fuels Morrinsville,rckcf04
n1Sxq87V7RAJCifj0PfuSLUNVrowImRZ,hamilton,Caltex Pat Prescott Motors,rchwd
R0kXG66Nbm665Rm0mrpmyUDrIn5zHh8D,hamilton,BP 2go Leamington,rckb35
BBIZyCrwUzAsI3emI2PYMfnjwIGwzpQR,hamilton,Mobil Cambridge,rckb2vu
PZdvWR8i2MCfXo5AKuXrdRXSumhJ6Bmx,hamilton,Challenge Rockgas Cambridge,rckb2vr
LncyXEIxEzdMCFkTTv05dGIkoR685HVq,hamilton,BP Connect Cambridge,rckb2y5x
Crrg2YpR30uXVwJzqcCHco3NzEK41fs8,hamilton,Z Cambridge,rckb2y54
8fH8DhaH1nufbqWxuECrcHDSvUcvxBn3,hamilton,Waitomo Cambridge,rckb2vn
aXlQRy7lW3gFn00i3HFWSBNvybXjXeZp,hamilton,Caltex Super Service Station,rchxv9
hZ7gDQPwk2WEnHGoDgdJvwnKFATSnwv1,hamilton,Pak 'n Save Te Awamutu,rchxvc
j66iKMxqFXtzklX7ekbLoEKwGp4L2W6W,hamilton,Gull Te Awamutu,rchxtx7
wsAfhEspEJauetrnaN3tgxY66iyXCO5F,hamilton,Z Te Awamutu,rchxtxe
YE0qoO0gM6m6j0SJYoBwyjiwVdFDZfAp,hamilton,Mobil Te Awamutu,rchxv8t
1uY5GTFC6EVZztJ1r0ZRWW6KtKuQvJ1t,hamilton,Waitomo Te Awamutu,rchxv88
vowl4LH5usSUmvMWAdgV3dTH8alVeepz,hamilton,GAS Te Awamutu,rchxv8f
IKz3fRgWuIXKuqM5zypiZATb3v3gFFqC,hamilton,Caltex Chartwell,rck9hx
Z2cGUn1Db6QxeKcIZT0xoUQTatuKkPUZ,hamilton,Z Rotokauri,rck95r
hPcvJ3mdp81ylVtOfcbKl6VM7sT2BxGB,hamilton,BP 2go Horotiu,rck97p
PMiWzsQ2qLVOSqjUKT1d7Mqv5AkzuPrN,hamilton,BP Connect Horsham Downs,rck9k7
cp743HsVqbCuXMaBDJ6exhAUlBlZIVon,hamilton,Challenge Lake Road Service Station,rck9h2
cznE4DE02GbheT4f8fHwZXnGTvsBhDsx,hamilton,Z Five Crossroads,rck9hg
Lx4gDAQ2VEPDdECGFEMzRDZXPmGX5zbC,hamilton,BP Connect Tristram Street,rck9h8
r6iDGN4YaV12OnFCcY66ulpO1bJuVOGV,hamilton,K & L St. Andrews,rck9hn
Pd0ZIQklNR8noSEu2whZn66oOPlvpdaZ,hamilton,Pak 'n Save Clarence Street,rck8ux
Xrs08fPBNlAyuRcfZupmzWpFsn2niXpP,hamilton,Z Eastside,rck8uy
5HgplMWVVtZ3g67CeYeT1CvzeQQwMiki,hamilton,GAS Avalon Drive,rck95f
u1pSu1CTSTReozETi4MoB5tgyCEj50mJ,hamilton,Mobil Avalon Drive,rck95g
vDG54fCUmJ02v2Um4Nzp3ijE6gCl6FMe,hamilton,Caltex Avalon,rck95e
30sRIn8w4CsoUGsfaZKcFBwMzJKBQg7e,hamilton,Challenge Killarney,rck8up
1mZknzMN7GUkt2K2nb4A7i2I3bjrMeaf,hamilton,Z Dinsdale,rck8gz
KFNBfu6eQBXFfpk7LTI7mDb7UkQGeuZ5,hamilton,Caltex Dinsdale,rck8gx
GsWM2WUvngwoKIoJlJdovpkOlREtwDyB,hamilton,Waitomo Frankton,rck8uj
bKeis4TwqC3jwU48yhN7AEIrBIiL0RoO,hamilton,BP Connect Glenview,rck8ud
sbhdZoEwbU67VENh8g8Fv2FuGcCCmXPn,hamilton,Gull Melville,rck8us
UakZSVmDSB6XIVWPfSQzAoQQdzv8loRb,hamilton,Z K Drive,rck8um
wHuvvoUNMbRz1YqFsuH5D7rs5BkBt12G,hamilton,Waitomo Ruakura,rck9jf
F6T4GPMzC6t4cjjQARKVz3L75q7GlRHJ,hamilton,Gull Tramway,rck9jh
gpb4MRfpTvKb2fPYrPt6znILebwA8Tuo,hamilton,Mobil Clyde St,rck9j0
3fXKeU4jWJmVgdshSe2P6giSeF6drtJb,hamilton,Challenge Naylor Street Auto,rck8vp
lyuhleaJsZJyNiTfys118INAeknNgqsq,hamilton,Caltex Hillcrest,rck8vw9
c4WeztnX7dnbfjfFoTd0nqdir33EiZr6,hamilton,Mobil Hillcrest,rck8vw6
AJSl5wQLYhfm3sm2qSgIAipbrvMBxyW5,hamilton,Pak 'n Save Mill Street,rck9h6m
mq2dk3utcONOQ5qqInjBsANJdFMOrabu,hamilton,BP Connect Whitiora,rck9h6x
oIhukyWHkPXdA8Vpckq6ABJhbF4MtDPz,hamilton,Z Stadium,rck9h6k
0jLi4XXzpIWAQCSkUPfdk1YR3b36iph0,hamilton,Waitomo Hamilton Central,rck9h6n
Hk8XLret0DRnHbSRZIHfVkeNYoQEb2kh,hamilton,BP Connect Frankton,rck9h0s
kY4wQiAWyADrw0d26iDXKJKrqqI5XSdb,hamilton,Waitomo Greenwood,rck9h0k
P6ytkuNnS16swygjG7juIDoSlA34xo1E,hamilton,Z Frankton,rck9h11
0zv0Ywh3LzX8lf2oe1GywmMwg03Iz4Bu,hamilton,Gull Norton Road,rck9h1g
qn3ycB0TtCqMlZNpDApPeZUhWuq38GHE,hamilton,Mobil Lake Road,rck9h1p
rxTXpZDL3EH5lMYTZzusgOEEZ8vzRdeX,hamilton,Gull Te Rapa,rck95xp
LW6rVhJGEsLERSKEjOVhNE42siNGTEwr,hamilton,Waitomo Te Rapa ,rck95yb
T1rZfxzvHHjvkSQsRFJpvs5JNqs3Tztl,hamilton,GAS Te Rapa Road,rck95y7
e5YywaiS5mhOZeIP62bekI8nhZJJRJGD,hamilton,Caltex Te Rapa,rck95y9
A7FZT1LQ7cv3Op7jeWbXVWrFAAE4FruZ,hamilton,New World Te Rapa,rck95xm
d1IqyhJN2qdOOHibAvpI3c7iRFoo3s5m,hamilton,Z Pukete,rck95xq
Wpluy8YjcEyk1JFsHE0Popfni2jal2y2,hamilton,Waitomo Te Rapa,rck972s
wUSdLJuTIn6jraAjvS7776aymNnbb6KC,hamilton,NPD Te Rapa,rck972z
Xf3agbJFKlTaJr71faxalfLHJ5eDbgjt,wellington,Challenge Pauatahanui,rbsqh
SngVgqC1VgPNkH5TlreZKNKShqQqOigW,wellington,Mobil Cannons Creek,rbsmg
BUnuz7YXEdkAReg0tIc3WKRrwgYMtP2A,wellington,Caltex Stokes Valley S/Stn,rbsmv
zF2iOzvuo5gsj6NtBRf3CW5RgcUtLsJi,wellington,Waitomo Johnsonville,rbsm9
uwIbEk0tZL4BLfbclypHBt1WB3y3HkjB,wellington,Challenge Sunshine Bay,rbsmh
iHwWXXFbKHGcD6gtee7tsu1kB8ijXepr,wellington,McFall Fuel Kapiti,rbsrm
W4Wf2QNq7baF73jW4vy0leKUoLxSrF3I,wellington,Caltex Kapiti Road,rbsrq4
MRoWwHHY8ofh5Pd2AQnARjEZa3bRLmkb,wellington,NPD Kapiti,rbsrnq
UIfJjVO4EK3doqVNMOTAvFSFxhQMxrAI,wellington,Z Kapiti Rd,rbsrq1j
amjqaiKrjIEBxM32D0lizdUfER3GvTq6,wellington,BP Connect Kapiti,rbsrq1n
sAFBkt6heFN8NyAnnmVx0sAuSM0s5c5X,wellington,Pak 'n Save Kapiti,rbsrnr0
tzg2DCfcAy41FaQn3wihqha0ejO8rkWu,wellington,Mobil Kapiti,rbsrnrs
oTJRjTnSELqzlfVg1GyRCpuh344lvlKS,wellington,BP Connect Paraparaumu,rbsrnrk
GbFZD4d8rRBjb13NA32PS4DZV2chu6zH,wellington,Mobil Bohanna Motors,rbsrrwj
VmsyxVlcZcIU61VGktZaPVr5EmwUqaKh,wellington,GAS Waikanae,rbsrrww
QVbtElhUHXfzwaS2nrrloSr35zIwIOap,wellington,New World Waikanae,rbsrrwz
FVU4KnVu1a3NjyJszWGvQB8nhYJYMJTe,wellington,Mobil Paremata,rbsq5h
c3Qpl2Qr7MXo28cF1XpKNq5umACRnotJ,wellington,BP Connect Whitby,rbsq5e
aWgNu4XwBRWbwCsMpQ0RInQK5Cmj6eKL,wellington,BP Connect Mana,rbsq5n
mCgYZiBCCtwDN6KB8VTT64Q1FEonPraD,wellington,Mobil Porirua,rbsmfw
KA5PSV5Y8zQOtbvEBgDvzMrqWbVXZ2qZ,wellington,Z Mungavin Ave,rbsmfz
tcowC02uEqGlNOsQBy7B2PTuhkd3KiOi,wellington,BP Connect Tawa,rbsmf0
FZUV6HdGDg0EuXTGMdbNEweEgJ227A4m,wellington,Caltex Porirua,rbsmfxg
8NaSQZWnAwiaKo5ZffWuK3MCLSYH85o6,wellington,Pak 'n Save Porirua,rbsq483
b5Abpvm0gCkecv3JW1vKOhOQL62hTKTl,wellington,NPD Porirua,rbsq48c
XfuTklcVJG3FebXoZtKT5TjBdaGBPgbR,wellington,BP Porirua,rbsq484
CrpcvpJ8U6fP4xUYafmzwnIxN0G6ptZE,wellington,BP Connect Porirua,rbsmfx5
xRqzz0r0jVpyD63WSFjhpZoGglWhHuf6,wellington,Allied Pirinoa,rbssf
KQiuD8BzIRaNwUaH1KN1vv1EY6nV3PBx,wellington,Z Rimutaka,rbsw0k
wsGhKeRUSWkzCyGk5iTqXVzq4up8jKJh,wellington,Waitomo Upper Hutt,rbsw04
WlxWoQshQL3SJvV0XCjpMKWKygUzBJnP,wellington,BP Connect Upper Hutt,rbsqpc
Ga0z18wQVrInJIbsKpj6enNhUBP83fV8,wellington,Z Trentham,rbsmyz
7qhUQ5kVkpy7b0FjpCejNGv5YLdQwZpn,wellington,Challenge Moonshine,rbsqp1
cALqF6xRxUlZP1HbrmeVTIJkmgWNI6Td,wellington,Mobil Silverstream,rbsmym
LKzSOoVmljMZrgKuWmK7ImP0ItPhL5up,wellington,Gull Silverstream,rbsmyt
oZXeyzhmSSht5Cq8jEHVEnTbMUaPKrg7,wellington,Caltex Upper Hutt,rbsqp97
tIQAAq5O2XMoPCIpZUe2A62IuL4Vpos6,wellington,Pak 'n Save Petrol Upper Hutt,rbsqp9x
jAQK7X076xvRk02ozcrokPoOGZMSS78H,wellington,Gull Wingate,rbsmtq
5IlIdu0BL1BItFIc0Q5ZeljVuqBeMmz4,wellington,BP 2go Taita,rbsmtr
MSG8aGk3juaN4uJtvCbnLtaro6JMSQqe,wellington,Z High St,rbsmsu
dijBPjqdocd7GwOaY3oDiOTYStG5m4WK,wellington,Caltex Olympic Service Station,rbsmt5
LvTdLgMDFJR2nuQY3UWPZy3WAawAS8WW,wellington,BP Connect Waiwhetu,rbsmkp
2iBbfKMb64HwpzZC0DUGHByjJ7t32tDW,wellington,Z Seaview,rbsmkj
kA8x540PXo8ImfYeOpsEG8ayJYjmnEgD,wellington,Mobil Lower Hutt,rbsms7
R5LgeXbmsBfk7mZu0cVPlT2Bl1lMPVge,wellington,Z VIC Corner,rbsms6
k081OUHhggism47gT1Jw2RpzrEvDIVQL,wellington,BP 2go Railway Ave,rbsmec
OIaTSKud7u1j5ZpORCcryiNASsqmysfH,wellington,Gull Waione,rbsm7v
cUX4bBHQhhKhqdwQn3NaTBdywHg5Voc6,wellington,Z Petone,rbsm7p
iCrEjXCGtZ3b4gviF7BQHavmIYgunX2s,wellington,Waitomo Petone,rbsm7q
TTmHzZSxnqggyV8EqDR43wWGsH0t4Q06,wellington,Allied Seaview,rbsm7t
3MJ3zMFi3rRmqr4X6h7HdzIfxVhB72fc,wellington,Z Hutt Rd,rbsme9
EhInRMk11J4N4E58HXT4aFRNd2Ueuuna,wellington,BP Connect Wainuiomata,rbsmkb
WQcYEhlDwcOZWstqdGolgVSbk8DZ5fWJ,wellington,BP Hutt Rd Truckstop,rbsm6t
hlr1WuLSC3WgT7qcwbRzHlBFUyadYsLm,wellington,New World Hutt City,rbsms4k
JZgUwEkKBAIFo1OG7Iof2Ebh7oNDjmP7,wellington,Pak 'n Save Hutt City,rbsms4z
GDrz7VrUAkHm5xiuWWvP13XDp5jPc16T,wellington,BP Connect Melling,rbsms4y
ahzmLLAdDzLMVnMhRF6g1Yhm22I2KXw7,wellington,Mobil Petone,rbsm7r8
GOBBheTv1rYUqbjCgptblMA010tUmKp0,wellington,Pak 'n Save Petone,rbsm7r6
zepDL3O8AA3XFk3RuOEpW7J8PeYGx2Wh,wellington,BP 2go Newlands,rbsm6n
T2R6NX0SkdLaVrsMzfcTlMWQFfNjp4dN,wellington,Z Johnsonville,rbsm3y
vyUnUEzcET1uRpRRkStc0Q4GXYoJb32D,wellington,Waitomo Tawa,rbsmdn
pCNEpsPjyfhSEdQnCHOIClYZ2tDVP2aF,wellington,Z Tawa,rbsmdq
TFPoO21J25vCgxGQkrjKCd6rcO4L4TVC,wellington,Waitomo Tinakori,rbsm1r
OnEVI0sxW7PrwcAtDtLdxs5RfJAT1tW2,wellington,Caltex Old Hutt Rd,rbsm39
rVaST3BgeYOZJWZfRMTc8sGlUfXHUPKG,wellington,GAS Ngaio,rbsm34
K75GjGwuMUlaMy06LfZcfiknvjyUC07t,wellington,Mobil Johnsonville,rbsm3zf
AnSI5g4eIwmZJiRYGGwTYG53moqcgAXZ,wellington,BP Connect Johnsonville,rbsm3z4
pQggRhXeqCtFwT4WzZRJ7LtgS3ep8fUJ,wellington,BP Connect Roadmaster,rbsm15
DzD11XXZ1DJAgI48bjHxYhYJ33hL12n5,wellington,Mobil Karori,rbsm0k
TdfyD0WvQ6YMLzkzvUhZKfkRmun6d1x3,wellington,BP Connect Adelaide Road,rbsm11
uRbtJqSPgIQ8Yi36KUJIBgisvL4UzlWu,wellington,BP 2go Berhampore,rbskcj
NcCO7CVDE2Fa3NeC35NFbeWYdDi8wlfP,wellington,BP 2go Karori,rbsm0h
jtBOJDI4AEfgSg4VtlaKnRttzUT6MP2L,wellington,Z Broadway,rbskcu
S5XrqwXhZuo1cvgohnvdmQwKkowP5CwA,wellington,Z Kilbirnie,rbskct
4R45FPfnGIK6cCfN1etNbbu8GQANd35z,wellington,BP 2go Brooklyn,rbsm0b
WbmKRJ4azmOf71KrAZeRndZ47K1xDd84,wellington,Z Constable St,rbskcr
cGQpwMm2ZRMKhsIJIOAaJGFqzAmlCHEW,wellington,Z Taranaki St,rbsm14h
As5SgbdZfn8CLmzqhyXrK3XiWKXUF2vn,wellington,Z Vivian St,rbsm14d
LtjpAgGtiVrOqEtHTjx4ZviXK8tb3opm,wellington,Mobil Kilbirnie,rbskcw6
lTzvOg1fqCXqvnYY3dEBmgV0J3nyvLZO,wellington,Pak 'n Save Petrol Kilbirnie,rbskcw4
YTS0nyNsLCn1xYcMpMf6hnfCCSBhN7u6,wellington,New World Miramar,rbskcyzc
cfNVnv4Q20HiVDPT1vSwpyBzRPsfboga,wellington,Z Miramar,rbskcyz3
